title,artists,album,duration_seconds,kind,playlists,score,youtube_url,spotify_url
Harmonious Fusion Track 1 - Bengali Folk & Modern Bengali,Sur o Jhankaar Ensemble,,240,music,bengali-folk; modern-bengali,75.0,https://www.youtube.com/watch?v=sj_0001multi,
Harmonious Fusion Track 2 - Bengali Folk & Modern Bengali,Sur o Jhankaar Ensemble,,247,music,bengali-folk; modern-bengali,76.0,https://www.youtube.com/watch?v=sj_0002multi,
Harmonious Fusion Track 3 - Bengali Folk & Modern Bengali,Sur o Jhankaar Ensemble,,254,music,bengali-folk; modern-bengali,77.0,https://www.youtube.com/watch?v=sj_0003multi,
Harmonious Fusion Track 4 - Bengali Folk & Modern Bengali,Sur o Jhankaar Ensemble,,261,music,bengali-folk; modern-bengali,78.0,https://www.youtube.com/watch?v=sj_0004multi,
Harmonious Fusion Track 5 - Bengali Folk & Modern Bengali,Sur o Jhankaar Ensemble,,268,music,bengali-folk; modern-bengali,79.0,https://www.youtube.com/watch?v=sj_0005multi,
Harmonious Fusion Track 6 - Bengali Folk & Modern Bengali,Sur o Jhankaar Ensemble,,275,music,bengali-folk; modern-bengali,80.0,https://www.youtube.com/watch?v=sj_0006multi,
Harmonious Fusion Track 7 - Bengali Folk & Modern Bengali,Sur o Jhankaar Ensemble,,282,music,bengali-folk; modern-bengali,81.0,https://www.youtube.com/watch?v=sj_0007multi,
Harmonious Fusion Track 8 - Bengali Folk & Modern Bengali,Sur o Jhankaar Ensemble,,289,music,bengali-folk; modern-bengali,82.0,https://www.youtube.com/watch?v=sj_0008multi,
Harmonious Fusion Track 9 - Bengali Folk & Modern Bengali,Sur o Jhankaar Ensemble,,296,music,bengali-folk; modern-bengali,83.0,https://www.youtube.com/watch?v=sj_0009multi,
Harmonious Fusion Track 10 - Bengali Folk & Modern Bengali,Sur o Jhankaar Ensemble,,303,music,bengali-folk; modern-bengali,84.0,https://www.youtube.com/watch?v=sj_0010multi,
Harmonious Fusion Track 11 - Bengali Folk & Modern Bengali,Sur o Jhankaar Ensemble,,310,music,bengali-folk; modern-bengali,85.0,https://www.youtube.com/watch?v=sj_0011multi,
Harmonious Fusion Track 12 - Bengali Folk & Modern Bengali,Sur o Jhankaar Ensemble,,317,music,bengali-folk; modern-bengali,86.0,https://www.youtube.com/watch?v=sj_0012multi,
Harmonious Fusion Track 13 - Bengali Folk & Modern Bengali,Sur o Jhankaar Ensemble,,324,music,bengali-folk; modern-bengali,87.0,https://www.youtube.com/watch?v=sj_0013multi,
Harmonious Fusion Track 14 - Bengali Folk & Modern Bengali,Sur o Jhankaar Ensemble,,241,music,bengali-folk; modern-bengali,88.0,https://www.youtube.com/watch?v=sj_0014multi,
Harmonious Fusion Track 15 - Bengali Folk & Modern Bengali,Sur o Jhankaar Ensemble,,248,music,bengali-folk; modern-bengali,89.0,https://www.youtube.com/watch?v=sj_0015multi,
Harmonious Fusion Track 16 - Bengali Folk & Modern Bengali,Sur o Jhankaar Ensemble,,255,music,bengali-folk; modern-bengali,90.0,https://www.youtube.com/watch?v=sj_0016multi,
Harmonious Fusion Track 17 - Bengali Folk & Modern Bengali,Sur o Jhankaar Ensemble,,262,music,bengali-folk; modern-bengali,91.0,https://www.youtube.com/watch?v=sj_0017multi,
Harmonious Fusion Track 18 - Bengali Folk & Modern Bengali,Sur o Jhankaar Ensemble,,269,music,bengali-folk; modern-bengali,92.0,https://www.youtube.com/watch?v=sj_0018multi,
Harmonious Fusion Track 19 - Bengali Folk & Modern Bengali,Sur o Jhankaar Ensemble,,276,music,bengali-folk; modern-bengali,93.0,https://www.youtube.com/watch?v=sj_0019multi,
Harmonious Fusion Track 20 - Bengali Folk & Modern Bengali,Sur o Jhankaar Ensemble,,283,music,bengali-folk; modern-bengali,94.0,https://www.youtube.com/watch?v=sj_0020multi,
Harmonious Fusion Track 21 - Bengali Folk & Modern Bengali,Sur o Jhankaar Ensemble,,290,music,bengali-folk; modern-bengali,75.0,https://www.youtube.com/watch?v=sj_0021multi,
Harmonious Fusion Track 22 - Bengali Folk & Modern Bengali,Sur o Jhankaar Ensemble,,297,music,bengali-folk; modern-bengali,76.0,https://www.youtube.com/watch?v=sj_0022multi,
Harmonious Fusion Track 23 - Bengali Folk & Modern Bengali,Sur o Jhankaar Ensemble,,304,music,bengali-folk; modern-bengali,77.0,https://www.youtube.com/watch?v=sj_0023multi,
Harmonious Fusion Track 24 - Bengali Folk & Modern Bengali,Sur o Jhankaar Ensemble,,311,music,bengali-folk; modern-bengali,78.0,https://www.youtube.com/watch?v=sj_0024multi,
Harmonious Fusion Track 25 - Bengali Folk & Modern Bengali,Sur o Jhankaar Ensemble,,318,music,bengali-folk; modern-bengali,79.0,https://www.youtube.com/watch?v=sj_0025multi,
Harmonious Fusion Track 26 - Bollywood Melody & Roadside Nostalgia,Sur o Jhankaar Ensemble,,240,music,bollywood-melody; roadside-nostalgia,75.0,https://www.youtube.com/watch?v=sj_0026multi,
Harmonious Fusion Track 27 - Bollywood Melody & Roadside Nostalgia,Sur o Jhankaar Ensemble,,247,music,bollywood-melody; roadside-nostalgia,76.0,https://www.youtube.com/watch?v=sj_0027multi,
Harmonious Fusion Track 28 - Bollywood Melody & Roadside Nostalgia,Sur o Jhankaar Ensemble,,254,music,bollywood-melody; roadside-nostalgia,77.0,https://www.youtube.com/watch?v=sj_0028multi,
Harmonious Fusion Track 29 - Bollywood Melody & Roadside Nostalgia,Sur o Jhankaar Ensemble,,261,music,bollywood-melody; roadside-nostalgia,78.0,https://www.youtube.com/watch?v=sj_0029multi,
Harmonious Fusion Track 30 - Bollywood Melody & Roadside Nostalgia,Sur o Jhankaar Ensemble,,268,music,bollywood-melody; roadside-nostalgia,79.0,https://www.youtube.com/watch?v=sj_0030multi,
Harmonious Fusion Track 31 - Bollywood Melody & Roadside Nostalgia,Sur o Jhankaar Ensemble,,275,music,bollywood-melody; roadside-nostalgia,80.0,https://www.youtube.com/watch?v=sj_0031multi,
Harmonious Fusion Track 32 - Bollywood Melody & Roadside Nostalgia,Sur o Jhankaar Ensemble,,282,music,bollywood-melody; roadside-nostalgia,81.0,https://www.youtube.com/watch?v=sj_0032multi,
Harmonious Fusion Track 33 - Bollywood Melody & Roadside Nostalgia,Sur o Jhankaar Ensemble,,289,music,bollywood-melody; roadside-nostalgia,82.0,https://www.youtube.com/watch?v=sj_0033multi,
Harmonious Fusion Track 34 - Bollywood Melody & Roadside Nostalgia,Sur o Jhankaar Ensemble,,296,music,bollywood-melody; roadside-nostalgia,83.0,https://www.youtube.com/watch?v=sj_0034multi,
Harmonious Fusion Track 35 - Bollywood Melody & Roadside Nostalgia,Sur o Jhankaar Ensemble,,303,music,bollywood-melody; roadside-nostalgia,84.0,https://www.youtube.com/watch?v=sj_0035multi,
Harmonious Fusion Track 36 - Bollywood Melody & Roadside Nostalgia,Sur o Jhankaar Ensemble,,310,music,bollywood-melody; roadside-nostalgia,85.0,https://www.youtube.com/watch?v=sj_0036multi,
Harmonious Fusion Track 37 - Bollywood Melody & Roadside Nostalgia,Sur o Jhankaar Ensemble,,317,music,bollywood-melody; roadside-nostalgia,86.0,https://www.youtube.com/watch?v=sj_0037multi,
Harmonious Fusion Track 38 - Bollywood Melody & Roadside Nostalgia,Sur o Jhankaar Ensemble,,324,music,bollywood-melody; roadside-nostalgia,87.0,https://www.youtube.com/watch?v=sj_0038multi,
Harmonious Fusion Track 39 - Bollywood Melody & Roadside Nostalgia,Sur o Jhankaar Ensemble,,241,music,bollywood-melody; roadside-nostalgia,88.0,https://www.youtube.com/watch?v=sj_0039multi,
Harmonious Fusion Track 40 - Bollywood Melody & Roadside Nostalgia,Sur o Jhankaar Ensemble,,248,music,bollywood-melody; roadside-nostalgia,89.0,https://www.youtube.com/watch?v=sj_0040multi,
Harmonious Fusion Track 41 - Bollywood Melody & Roadside Nostalgia,Sur o Jhankaar Ensemble,,255,music,bollywood-melody; roadside-nostalgia,90.0,https://www.youtube.com/watch?v=sj_0041multi,
Harmonious Fusion Track 42 - Bollywood Melody & Roadside Nostalgia,Sur o Jhankaar Ensemble,,262,music,bollywood-melody; roadside-nostalgia,91.0,https://www.youtube.com/watch?v=sj_0042multi,
Harmonious Fusion Track 43 - Bollywood Melody & Roadside Nostalgia,Sur o Jhankaar Ensemble,,269,music,bollywood-melody; roadside-nostalgia,92.0,https://www.youtube.com/watch?v=sj_0043multi,
Harmonious Fusion Track 44 - Bollywood Melody & Roadside Nostalgia,Sur o Jhankaar Ensemble,,276,music,bollywood-melody; roadside-nostalgia,93.0,https://www.youtube.com/watch?v=sj_0044multi,
Harmonious Fusion Track 45 - Bollywood Melody & Roadside Nostalgia,Sur o Jhankaar Ensemble,,283,music,bollywood-melody; roadside-nostalgia,94.0,https://www.youtube.com/watch?v=sj_0045multi,
Harmonious Fusion Track 46 - Durga Pujo Special & Shyama Sangeet,Sur o Jhankaar Ensemble,,240,music,durga-pujo-special; shyama-sangeet,75.0,https://www.youtube.com/watch?v=sj_0046multi,
Harmonious Fusion Track 47 - Durga Pujo Special & Shyama Sangeet,Sur o Jhankaar Ensemble,,247,music,durga-pujo-special; shyama-sangeet,76.0,https://www.youtube.com/watch?v=sj_0047multi,
Harmonious Fusion Track 48 - Durga Pujo Special & Shyama Sangeet,Sur o Jhankaar Ensemble,,254,music,durga-pujo-special; shyama-sangeet,77.0,https://www.youtube.com/watch?v=sj_0048multi,
Harmonious Fusion Track 49 - Durga Pujo Special & Shyama Sangeet,Sur o Jhankaar Ensemble,,261,music,durga-pujo-special; shyama-sangeet,78.0,https://www.youtube.com/watch?v=sj_0049multi,
Harmonious Fusion Track 50 - Durga Pujo Special & Shyama Sangeet,Sur o Jhankaar Ensemble,,268,music,durga-pujo-special; shyama-sangeet,79.0,https://www.youtube.com/watch?v=sj_0050multi,
Harmonious Fusion Track 51 - Durga Pujo Special & Shyama Sangeet,Sur o Jhankaar Ensemble,,275,music,durga-pujo-special; shyama-sangeet,80.0,https://www.youtube.com/watch?v=sj_0051multi,
Harmonious Fusion Track 52 - Durga Pujo Special & Shyama Sangeet,Sur o Jhankaar Ensemble,,282,music,durga-pujo-special; shyama-sangeet,81.0,https://www.youtube.com/watch?v=sj_0052multi,
Harmonious Fusion Track 53 - Durga Pujo Special & Shyama Sangeet,Sur o Jhankaar Ensemble,,289,music,durga-pujo-special; shyama-sangeet,82.0,https://www.youtube.com/watch?v=sj_0053multi,
Harmonious Fusion Track 54 - Durga Pujo Special & Shyama Sangeet,Sur o Jhankaar Ensemble,,296,music,durga-pujo-special; shyama-sangeet,83.0,https://www.youtube.com/watch?v=sj_0054multi,
Harmonious Fusion Track 55 - Durga Pujo Special & Shyama Sangeet,Sur o Jhankaar Ensemble,,303,music,durga-pujo-special; shyama-sangeet,84.0,https://www.youtube.com/watch?v=sj_0055multi,
Harmonious Fusion Track 56 - Durga Pujo Special & Shyama Sangeet,Sur o Jhankaar Ensemble,,310,music,durga-pujo-special; shyama-sangeet,85.0,https://www.youtube.com/watch?v=sj_0056multi,
Harmonious Fusion Track 57 - Durga Pujo Special & Shyama Sangeet,Sur o Jhankaar Ensemble,,317,music,durga-pujo-special; shyama-sangeet,86.0,https://www.youtube.com/watch?v=sj_0057multi,
Harmonious Fusion Track 58 - Durga Pujo Special & Shyama Sangeet,Sur o Jhankaar Ensemble,,324,music,durga-pujo-special; shyama-sangeet,87.0,https://www.youtube.com/watch?v=sj_0058multi,
Harmonious Fusion Track 59 - Durga Pujo Special & Shyama Sangeet,Sur o Jhankaar Ensemble,,241,music,durga-pujo-special; shyama-sangeet,88.0,https://www.youtube.com/watch?v=sj_0059multi,
Harmonious Fusion Track 60 - Durga Pujo Special & Shyama Sangeet,Sur o Jhankaar Ensemble,,248,music,durga-pujo-special; shyama-sangeet,89.0,https://www.youtube.com/watch?v=sj_0060multi,
Harmonious Fusion Track 61 - Durga Pujo Special & Shyama Sangeet,Sur o Jhankaar Ensemble,,255,music,durga-pujo-special; shyama-sangeet,90.0,https://www.youtube.com/watch?v=sj_0061multi,
Harmonious Fusion Track 62 - Durga Pujo Special & Shyama Sangeet,Sur o Jhankaar Ensemble,,262,music,durga-pujo-special; shyama-sangeet,91.0,https://www.youtube.com/watch?v=sj_0062multi,
Harmonious Fusion Track 63 - Durga Pujo Special & Shyama Sangeet,Sur o Jhankaar Ensemble,,269,music,durga-pujo-special; shyama-sangeet,92.0,https://www.youtube.com/watch?v=sj_0063multi,
Harmonious Fusion Track 64 - Bengali Evergreen & Old Bengali Melody,Sur o Jhankaar Ensemble,,240,music,bengali-evergreen; old-bengali-melody,75.0,https://www.youtube.com/watch?v=sj_0064multi,
Harmonious Fusion Track 65 - Bengali Evergreen & Old Bengali Melody,Sur o Jhankaar Ensemble,,247,music,bengali-evergreen; old-bengali-melody,76.0,https://www.youtube.com/watch?v=sj_0065multi,
Harmonious Fusion Track 66 - Bengali Evergreen & Old Bengali Melody,Sur o Jhankaar Ensemble,,254,music,bengali-evergreen; old-bengali-melody,77.0,https://www.youtube.com/watch?v=sj_0066multi,
Harmonious Fusion Track 67 - Bengali Evergreen & Old Bengali Melody,Sur o Jhankaar Ensemble,,261,music,bengali-evergreen; old-bengali-melody,78.0,https://www.youtube.com/watch?v=sj_0067multi,
Harmonious Fusion Track 68 - Bengali Evergreen & Old Bengali Melody,Sur o Jhankaar Ensemble,,268,music,bengali-evergreen; old-bengali-melody,79.0,https://www.youtube.com/watch?v=sj_0068multi,
Harmonious Fusion Track 69 - Bengali Evergreen & Old Bengali Melody,Sur o Jhankaar Ensemble,,275,music,bengali-evergreen; old-bengali-melody,80.0,https://www.youtube.com/watch?v=sj_0069multi,
Harmonious Fusion Track 70 - Bengali Evergreen & Old Bengali Melody,Sur o Jhankaar Ensemble,,282,music,bengali-evergreen; old-bengali-melody,81.0,https://www.youtube.com/watch?v=sj_0070multi,
Harmonious Fusion Track 71 - Bengali Evergreen & Old Bengali Melody,Sur o Jhankaar Ensemble,,289,music,bengali-evergreen; old-bengali-melody,82.0,https://www.youtube.com/watch?v=sj_0071multi,
Harmonious Fusion Track 72 - Bengali Evergreen & Old Bengali Melody,Sur o Jhankaar Ensemble,,296,music,bengali-evergreen; old-bengali-melody,83.0,https://www.youtube.com/watch?v=sj_0072multi,
Harmonious Fusion Track 73 - Bengali Evergreen & Old Bengali Melody,Sur o Jhankaar Ensemble,,303,music,bengali-evergreen; old-bengali-melody,84.0,https://www.youtube.com/watch?v=sj_0073multi,
Harmonious Fusion Track 74 - Bengali Evergreen & Old Bengali Melody,Sur o Jhankaar Ensemble,,310,music,bengali-evergreen; old-bengali-melody,85.0,https://www.youtube.com/watch?v=sj_0074multi,
Harmonious Fusion Track 75 - Bengali Evergreen & Old Bengali Melody,Sur o Jhankaar Ensemble,,317,music,bengali-evergreen; old-bengali-melody,86.0,https://www.youtube.com/watch?v=sj_0075multi,
Harmonious Fusion Track 76 - Bengali Evergreen & Old Bengali Melody,Sur o Jhankaar Ensemble,,324,music,bengali-evergreen; old-bengali-melody,87.0,https://www.youtube.com/watch?v=sj_0076multi,
Harmonious Fusion Track 77 - Bengali Evergreen & Old Bengali Melody,Sur o Jhankaar Ensemble,,241,music,bengali-evergreen; old-bengali-melody,88.0,https://www.youtube.com/watch?v=sj_0077multi,
Harmonious Fusion Track 78 - Bengali Evergreen & Old Bengali Melody,Sur o Jhankaar Ensemble,,248,music,bengali-evergreen; old-bengali-melody,89.0,https://www.youtube.com/watch?v=sj_0078multi,
Harmonious Fusion Track 79 - Manbhum & Bengali Folk,Sur o Jhankaar Ensemble,,240,music,manbhum; bengali-folk,75.0,https://www.youtube.com/watch?v=sj_0079multi,
Harmonious Fusion Track 80 - Manbhum & Bengali Folk,Sur o Jhankaar Ensemble,,247,music,manbhum; bengali-folk,76.0,https://www.youtube.com/watch?v=sj_0080multi,
Harmonious Fusion Track 81 - Manbhum & Bengali Folk,Sur o Jhankaar Ensemble,,254,music,manbhum; bengali-folk,77.0,https://www.youtube.com/watch?v=sj_0081multi,
Harmonious Fusion Track 82 - Manbhum & Bengali Folk,Sur o Jhankaar Ensemble,,261,music,manbhum; bengali-folk,78.0,https://www.youtube.com/watch?v=sj_0082multi,
Harmonious Fusion Track 83 - Manbhum & Bengali Folk,Sur o Jhankaar Ensemble,,268,music,manbhum; bengali-folk,79.0,https://www.youtube.com/watch?v=sj_0083multi,
Harmonious Fusion Track 84 - Manbhum & Bengali Folk,Sur o Jhankaar Ensemble,,275,music,manbhum; bengali-folk,80.0,https://www.youtube.com/watch?v=sj_0084multi,
Harmonious Fusion Track 85 - Manbhum & Bengali Folk,Sur o Jhankaar Ensemble,,282,music,manbhum; bengali-folk,81.0,https://www.youtube.com/watch?v=sj_0085multi,
Harmonious Fusion Track 86 - Manbhum & Bengali Folk,Sur o Jhankaar Ensemble,,289,music,manbhum; bengali-folk,82.0,https://www.youtube.com/watch?v=sj_0086multi,
Harmonious Fusion Track 87 - Manbhum & Bengali Folk,Sur o Jhankaar Ensemble,,296,music,manbhum; bengali-folk,83.0,https://www.youtube.com/watch?v=sj_0087multi,
Harmonious Fusion Track 88 - Manbhum & Bengali Folk,Sur o Jhankaar Ensemble,,303,music,manbhum; bengali-folk,84.0,https://www.youtube.com/watch?v=sj_0088multi,
Harmonious Fusion Track 89 - Manbhum & Bengali Folk,Sur o Jhankaar Ensemble,,310,music,manbhum; bengali-folk,85.0,https://www.youtube.com/watch?v=sj_0089multi,
Harmonious Fusion Track 90 - Manbhum & Bengali Folk,Sur o Jhankaar Ensemble,,317,music,manbhum; bengali-folk,86.0,https://www.youtube.com/watch?v=sj_0090multi,
Harmonious Fusion Track 91 - Modern Bengali & Sangeet Bangla Era,Sur o Jhankaar Ensemble,,240,music,modern-bengali; sangeet-bangla-era,75.0,https://www.youtube.com/watch?v=sj_0091multi,
Harmonious Fusion Track 92 - Modern Bengali & Sangeet Bangla Era,Sur o Jhankaar Ensemble,,247,music,modern-bengali; sangeet-bangla-era,76.0,https://www.youtube.com/watch?v=sj_0092multi,
Harmonious Fusion Track 93 - Modern Bengali & Sangeet Bangla Era,Sur o Jhankaar Ensemble,,254,music,modern-bengali; sangeet-bangla-era,77.0,https://www.youtube.com/watch?v=sj_0093multi,
Harmonious Fusion Track 94 - Modern Bengali & Sangeet Bangla Era,Sur o Jhankaar Ensemble,,261,music,modern-bengali; sangeet-bangla-era,78.0,https://www.youtube.com/watch?v=sj_0094multi,
Harmonious Fusion Track 95 - Modern Bengali & Sangeet Bangla Era,Sur o Jhankaar Ensemble,,268,music,modern-bengali; sangeet-bangla-era,79.0,https://www.youtube.com/watch?v=sj_0095multi,
Harmonious Fusion Track 96 - Modern Bengali & Sangeet Bangla Era,Sur o Jhankaar Ensemble,,275,music,modern-bengali; sangeet-bangla-era,80.0,https://www.youtube.com/watch?v=sj_0096multi,
Harmonious Fusion Track 97 - Modern Bengali & Sangeet Bangla Era,Sur o Jhankaar Ensemble,,282,music,modern-bengali; sangeet-bangla-era,81.0,https://www.youtube.com/watch?v=sj_0097multi,
Sangeet Bangla Era Gem 98 | Cultural Heritage Series,Various Artists,,180,music,sangeet-bangla-era,70.0,https://www.youtube.com/watch?v=sj_0098song,
Sangeet Bangla Era Gem 99 | Cultural Heritage Series,Various Artists,,189,music,sangeet-bangla-era,71.0,https://www.youtube.com/watch?v=sj_0099song,
Sangeet Bangla Era Gem 100 | Cultural Heritage Series,Various Artists,,198,music,sangeet-bangla-era,72.0,https://www.youtube.com/watch?v=sj_0100song,
Sangeet Bangla Era Gem 101 | Cultural Heritage Series,Various Artists,,207,music,sangeet-bangla-era,73.0,https://www.youtube.com/watch?v=sj_0101song,
Sangeet Bangla Era Gem 102 | Cultural Heritage Series,Various Artists,,216,music,sangeet-bangla-era,74.0,https://www.youtube.com/watch?v=sj_0102song,
Sangeet Bangla Era Gem 103 | Cultural Heritage Series,Various Artists,,225,music,sangeet-bangla-era,75.0,https://www.youtube.com/watch?v=sj_0103song,
Sangeet Bangla Era Gem 104 | Cultural Heritage Series,Various Artists,,234,music,sangeet-bangla-era,76.0,https://www.youtube.com/watch?v=sj_0104song,
Sangeet Bangla Era Gem 105 | Cultural Heritage Series,Various Artists,,243,music,sangeet-bangla-era,77.0,https://www.youtube.com/watch?v=sj_0105song,
Sangeet Bangla Era Gem 106 | Cultural Heritage Series,Various Artists,,252,music,sangeet-bangla-era,78.0,https://www.youtube.com/watch?v=sj_0106song,
Sangeet Bangla Era Gem 107 | Cultural Heritage Series,Various Artists,,261,music,sangeet-bangla-era,79.0,https://www.youtube.com/watch?v=sj_0107song,
Sangeet Bangla Era Gem 108 | Cultural Heritage Series,Various Artists,,270,music,sangeet-bangla-era,80.0,https://www.youtube.com/watch?v=sj_0108song,
Sangeet Bangla Era Gem 109 | Cultural Heritage Series,Various Artists,,279,music,sangeet-bangla-era,81.0,https://www.youtube.com/watch?v=sj_0109song,
Sangeet Bangla Era Gem 110 | Cultural Heritage Series,Various Artists,,288,music,sangeet-bangla-era,82.0,https://www.youtube.com/watch?v=sj_0110song,
Sangeet Bangla Era Gem 111 | Cultural Heritage Series,Various Artists,,297,music,sangeet-bangla-era,83.0,https://www.youtube.com/watch?v=sj_0111song,
Sangeet Bangla Era Gem 112 | Cultural Heritage Series,Various Artists,,306,music,sangeet-bangla-era,84.0,https://www.youtube.com/watch?v=sj_0112song,
Sangeet Bangla Era Gem 113 | Cultural Heritage Series,Various Artists,,315,music,sangeet-bangla-era,85.0,https://www.youtube.com/watch?v=sj_0113song,
Sangeet Bangla Era Gem 114 | Cultural Heritage Series,Various Artists,,324,music,sangeet-bangla-era,86.0,https://www.youtube.com/watch?v=sj_0114song,
Sangeet Bangla Era Gem 115 | Cultural Heritage Series,Various Artists,,333,music,sangeet-bangla-era,87.0,https://www.youtube.com/watch?v=sj_0115song,
Sangeet Bangla Era Gem 116 | Cultural Heritage Series,Various Artists,,342,music,sangeet-bangla-era,88.0,https://www.youtube.com/watch?v=sj_0116song,
Sangeet Bangla Era Gem 117 | Cultural Heritage Series,Various Artists,,351,music,sangeet-bangla-era,89.0,https://www.youtube.com/watch?v=sj_0117song,
Sangeet Bangla Era Gem 118 | Cultural Heritage Series,Various Artists,,180,music,sangeet-bangla-era,90.0,https://www.youtube.com/watch?v=sj_0118song,
Sangeet Bangla Era Gem 119 | Cultural Heritage Series,Various Artists,,189,music,sangeet-bangla-era,91.0,https://www.youtube.com/watch?v=sj_0119song,
Sangeet Bangla Era Gem 120 | Cultural Heritage Series,Various Artists,,198,music,sangeet-bangla-era,92.0,https://www.youtube.com/watch?v=sj_0120song,
Sangeet Bangla Era Gem 121 | Cultural Heritage Series,Various Artists,,207,music,sangeet-bangla-era,93.0,https://www.youtube.com/watch?v=sj_0121song,
Sangeet Bangla Era Gem 122 | Cultural Heritage Series,Various Artists,,216,music,sangeet-bangla-era,94.0,https://www.youtube.com/watch?v=sj_0122song,
Sangeet Bangla Era Gem 123 | Cultural Heritage Series,Various Artists,,225,music,sangeet-bangla-era,95.0,https://www.youtube.com/watch?v=sj_0123song,
Sangeet Bangla Era Gem 124 | Cultural Heritage Series,Various Artists,,234,music,sangeet-bangla-era,96.0,https://www.youtube.com/watch?v=sj_0124song,
Sangeet Bangla Era Gem 125 | Cultural Heritage Series,Various Artists,,243,music,sangeet-bangla-era,97.0,https://www.youtube.com/watch?v=sj_0125song,
Sangeet Bangla Era Gem 126 | Cultural Heritage Series,Various Artists,,252,music,sangeet-bangla-era,70.0,https://www.youtube.com/watch?v=sj_0126song,
Sangeet Bangla Era Gem 127 | Cultural Heritage Series,Various Artists,,261,music,sangeet-bangla-era,71.0,https://www.youtube.com/watch?v=sj_0127song,
Sangeet Bangla Era Gem 128 | Cultural Heritage Series,Various Artists,,270,music,sangeet-bangla-era,72.0,https://www.youtube.com/watch?v=sj_0128song,
Sangeet Bangla Era Gem 129 | Cultural Heritage Series,Various Artists,,279,music,sangeet-bangla-era,73.0,https://www.youtube.com/watch?v=sj_0129song,
Sangeet Bangla Era Gem 130 | Cultural Heritage Series,Various Artists,,288,music,sangeet-bangla-era,74.0,https://www.youtube.com/watch?v=sj_0130song,
Sangeet Bangla Era Gem 131 | Cultural Heritage Series,Various Artists,,297,music,sangeet-bangla-era,75.0,https://www.youtube.com/watch?v=sj_0131song,
Sangeet Bangla Era Gem 132 | Cultural Heritage Series,Various Artists,,306,music,sangeet-bangla-era,76.0,https://www.youtube.com/watch?v=sj_0132song,
Sangeet Bangla Era Gem 133 | Cultural Heritage Series,Various Artists,,315,music,sangeet-bangla-era,77.0,https://www.youtube.com/watch?v=sj_0133song,
Sangeet Bangla Era Gem 134 | Cultural Heritage Series,Various Artists,,324,music,sangeet-bangla-era,78.0,https://www.youtube.com/watch?v=sj_0134song,
Sangeet Bangla Era Gem 135 | Cultural Heritage Series,Various Artists,,333,music,sangeet-bangla-era,79.0,https://www.youtube.com/watch?v=sj_0135song,
Sangeet Bangla Era Gem 136 | Cultural Heritage Series,Various Artists,,342,music,sangeet-bangla-era,80.0,https://www.youtube.com/watch?v=sj_0136song,
Sangeet Bangla Era Gem 137 | Cultural Heritage Series,Various Artists,,351,music,sangeet-bangla-era,81.0,https://www.youtube.com/watch?v=sj_0137song,
Sangeet Bangla Era Gem 138 | Cultural Heritage Series,Various Artists,,180,music,sangeet-bangla-era,82.0,https://www.youtube.com/watch?v=sj_0138song,
Sangeet Bangla Era Gem 139 | Cultural Heritage Series,Various Artists,,189,music,sangeet-bangla-era,83.0,https://www.youtube.com/watch?v=sj_0139song,
Sangeet Bangla Era Gem 140 | Cultural Heritage Series,Various Artists,,198,music,sangeet-bangla-era,84.0,https://www.youtube.com/watch?v=sj_0140song,
Sangeet Bangla Era Gem 141 | Cultural Heritage Series,Various Artists,,207,music,sangeet-bangla-era,85.0,https://www.youtube.com/watch?v=sj_0141song,
Sangeet Bangla Era Gem 142 | Cultural Heritage Series,Various Artists,,216,music,sangeet-bangla-era,86.0,https://www.youtube.com/watch?v=sj_0142song,
Sangeet Bangla Era Gem 143 | Cultural Heritage Series,Various Artists,,225,music,sangeet-bangla-era,87.0,https://www.youtube.com/watch?v=sj_0143song,
Sangeet Bangla Era Gem 144 | Cultural Heritage Series,Various Artists,,234,music,sangeet-bangla-era,88.0,https://www.youtube.com/watch?v=sj_0144song,
Sangeet Bangla Era Gem 145 | Cultural Heritage Series,Various Artists,,243,music,sangeet-bangla-era,89.0,https://www.youtube.com/watch?v=sj_0145song,
Sangeet Bangla Era Gem 146 | Cultural Heritage Series,Various Artists,,252,music,sangeet-bangla-era,90.0,https://www.youtube.com/watch?v=sj_0146song,
Sangeet Bangla Era Gem 147 | Cultural Heritage Series,Various Artists,,261,music,sangeet-bangla-era,91.0,https://www.youtube.com/watch?v=sj_0147song,
Sangeet Bangla Era Gem 148 | Cultural Heritage Series,Various Artists,,270,music,sangeet-bangla-era,92.0,https://www.youtube.com/watch?v=sj_0148song,
Sangeet Bangla Era Gem 149 | Cultural Heritage Series,Various Artists,,279,music,sangeet-bangla-era,93.0,https://www.youtube.com/watch?v=sj_0149song,
Sangeet Bangla Era Gem 150 | Cultural Heritage Series,Various Artists,,288,music,sangeet-bangla-era,94.0,https://www.youtube.com/watch?v=sj_0150song,
Sangeet Bangla Era Gem 151 | Cultural Heritage Series,Various Artists,,297,music,sangeet-bangla-era,95.0,https://www.youtube.com/watch?v=sj_0151song,
Sangeet Bangla Era Gem 152 | Cultural Heritage Series,Various Artists,,306,music,sangeet-bangla-era,96.0,https://www.youtube.com/watch?v=sj_0152song,
Sangeet Bangla Era Gem 153 | Cultural Heritage Series,Various Artists,,315,music,sangeet-bangla-era,97.0,https://www.youtube.com/watch?v=sj_0153song,
Sangeet Bangla Era Gem 154 | Cultural Heritage Series,Various Artists,,324,music,sangeet-bangla-era,70.0,https://www.youtube.com/watch?v=sj_0154song,
Sangeet Bangla Era Gem 155 | Cultural Heritage Series,Various Artists,,333,music,sangeet-bangla-era,71.0,https://www.youtube.com/watch?v=sj_0155song,
Sangeet Bangla Era Gem 156 | Cultural Heritage Series,Various Artists,,342,music,sangeet-bangla-era,72.0,https://www.youtube.com/watch?v=sj_0156song,
Sangeet Bangla Era Gem 157 | Cultural Heritage Series,Various Artists,,351,music,sangeet-bangla-era,73.0,https://www.youtube.com/watch?v=sj_0157song,
Sangeet Bangla Era Gem 158 | Cultural Heritage Series,Various Artists,,180,music,sangeet-bangla-era,74.0,https://www.youtube.com/watch?v=sj_0158song,
Sangeet Bangla Era Gem 159 | Cultural Heritage Series,Various Artists,,189,music,sangeet-bangla-era,75.0,https://www.youtube.com/watch?v=sj_0159song,
Sangeet Bangla Era Gem 160 | Cultural Heritage Series,Various Artists,,198,music,sangeet-bangla-era,76.0,https://www.youtube.com/watch?v=sj_0160song,
Sangeet Bangla Era Gem 161 | Cultural Heritage Series,Various Artists,,207,music,sangeet-bangla-era,77.0,https://www.youtube.com/watch?v=sj_0161song,
Sangeet Bangla Era Gem 162 | Cultural Heritage Series,Various Artists,,216,music,sangeet-bangla-era,78.0,https://www.youtube.com/watch?v=sj_0162song,
Sangeet Bangla Era Gem 163 | Cultural Heritage Series,Various Artists,,225,music,sangeet-bangla-era,79.0,https://www.youtube.com/watch?v=sj_0163song,
Sangeet Bangla Era Gem 164 | Cultural Heritage Series,Various Artists,,234,music,sangeet-bangla-era,80.0,https://www.youtube.com/watch?v=sj_0164song,
Sangeet Bangla Era Gem 165 | Cultural Heritage Series,Various Artists,,243,music,sangeet-bangla-era,81.0,https://www.youtube.com/watch?v=sj_0165song,
Sangeet Bangla Era Gem 166 | Cultural Heritage Series,Various Artists,,252,music,sangeet-bangla-era,82.0,https://www.youtube.com/watch?v=sj_0166song,
Sangeet Bangla Era Gem 167 | Cultural Heritage Series,Various Artists,,261,music,sangeet-bangla-era,83.0,https://www.youtube.com/watch?v=sj_0167song,
Sangeet Bangla Era Gem 168 | Cultural Heritage Series,Various Artists,,270,music,sangeet-bangla-era,84.0,https://www.youtube.com/watch?v=sj_0168song,
Sangeet Bangla Era Gem 169 | Cultural Heritage Series,Various Artists,,279,music,sangeet-bangla-era,85.0,https://www.youtube.com/watch?v=sj_0169song,
Sangeet Bangla Era Gem 170 | Cultural Heritage Series,Various Artists,,288,music,sangeet-bangla-era,86.0,https://www.youtube.com/watch?v=sj_0170song,
Sangeet Bangla Era Gem 171 | Cultural Heritage Series,Various Artists,,297,music,sangeet-bangla-era,87.0,https://www.youtube.com/watch?v=sj_0171song,
Sangeet Bangla Era Gem 172 | Cultural Heritage Series,Various Artists,,306,music,sangeet-bangla-era,88.0,https://www.youtube.com/watch?v=sj_0172song,
Sangeet Bangla Era Gem 173 | Cultural Heritage Series,Various Artists,,315,music,sangeet-bangla-era,89.0,https://www.youtube.com/watch?v=sj_0173song,
Sangeet Bangla Era Gem 174 | Cultural Heritage Series,Various Artists,,324,music,sangeet-bangla-era,90.0,https://www.youtube.com/watch?v=sj_0174song,
Sangeet Bangla Era Gem 175 | Cultural Heritage Series,Various Artists,,333,music,sangeet-bangla-era,91.0,https://www.youtube.com/watch?v=sj_0175song,
Sangeet Bangla Era Gem 176 | Cultural Heritage Series,Various Artists,,342,music,sangeet-bangla-era,92.0,https://www.youtube.com/watch?v=sj_0176song,
Sangeet Bangla Era Gem 177 | Cultural Heritage Series,Various Artists,,351,music,sangeet-bangla-era,93.0,https://www.youtube.com/watch?v=sj_0177song,
Sangeet Bangla Era Gem 178 | Cultural Heritage Series,Various Artists,,180,music,sangeet-bangla-era,94.0,https://www.youtube.com/watch?v=sj_0178song,
Sangeet Bangla Era Gem 179 | Cultural Heritage Series,Various Artists,,189,music,sangeet-bangla-era,95.0,https://www.youtube.com/watch?v=sj_0179song,
Sangeet Bangla Era Gem 180 | Cultural Heritage Series,Various Artists,,198,music,sangeet-bangla-era,96.0,https://www.youtube.com/watch?v=sj_0180song,
Sangeet Bangla Era Gem 181 | Cultural Heritage Series,Various Artists,,207,music,sangeet-bangla-era,97.0,https://www.youtube.com/watch?v=sj_0181song,
Sangeet Bangla Era Gem 182 | Cultural Heritage Series,Various Artists,,216,music,sangeet-bangla-era,70.0,https://www.youtube.com/watch?v=sj_0182song,
Sangeet Bangla Era Gem 183 | Cultural Heritage Series,Various Artists,,225,music,sangeet-bangla-era,71.0,https://www.youtube.com/watch?v=sj_0183song,
Sangeet Bangla Era Gem 184 | Cultural Heritage Series,Various Artists,,234,music,sangeet-bangla-era,72.0,https://www.youtube.com/watch?v=sj_0184song,
Sangeet Bangla Era Gem 185 | Cultural Heritage Series,Various Artists,,243,music,sangeet-bangla-era,73.0,https://www.youtube.com/watch?v=sj_0185song,
Sangeet Bangla Era Gem 186 | Cultural Heritage Series,Various Artists,,252,music,sangeet-bangla-era,74.0,https://www.youtube.com/watch?v=sj_0186song,
Sangeet Bangla Era Gem 187 | Cultural Heritage Series,Various Artists,,261,music,sangeet-bangla-era,75.0,https://www.youtube.com/watch?v=sj_0187song,
Sangeet Bangla Era Gem 188 | Cultural Heritage Series,Various Artists,,270,music,sangeet-bangla-era,76.0,https://www.youtube.com/watch?v=sj_0188song,
Sangeet Bangla Era Gem 189 | Cultural Heritage Series,Various Artists,,279,music,sangeet-bangla-era,77.0,https://www.youtube.com/watch?v=sj_0189song,
Sangeet Bangla Era Gem 190 | Cultural Heritage Series,Various Artists,,288,music,sangeet-bangla-era,78.0,https://www.youtube.com/watch?v=sj_0190song,
Sangeet Bangla Era Gem 191 | Cultural Heritage Series,Various Artists,,297,music,sangeet-bangla-era,79.0,https://www.youtube.com/watch?v=sj_0191song,
Sangeet Bangla Era Gem 192 | Cultural Heritage Series,Various Artists,,306,music,sangeet-bangla-era,80.0,https://www.youtube.com/watch?v=sj_0192song,
Sangeet Bangla Era Gem 193 | Cultural Heritage Series,Various Artists,,315,music,sangeet-bangla-era,81.0,https://www.youtube.com/watch?v=sj_0193song,
Sangeet Bangla Era Gem 194 | Cultural Heritage Series,Various Artists,,324,music,sangeet-bangla-era,82.0,https://www.youtube.com/watch?v=sj_0194song,
Sangeet Bangla Era Gem 195 | Cultural Heritage Series,Various Artists,,333,music,sangeet-bangla-era,83.0,https://www.youtube.com/watch?v=sj_0195song,
Sangeet Bangla Era Gem 196 | Cultural Heritage Series,Various Artists,,342,music,sangeet-bangla-era,84.0,https://www.youtube.com/watch?v=sj_0196song,
Sangeet Bangla Era Gem 197 | Cultural Heritage Series,Various Artists,,351,music,sangeet-bangla-era,85.0,https://www.youtube.com/watch?v=sj_0197song,
Sangeet Bangla Era Gem 198 | Cultural Heritage Series,Various Artists,,180,music,sangeet-bangla-era,86.0,https://www.youtube.com/watch?v=sj_0198song,
Sangeet Bangla Era Gem 199 | Cultural Heritage Series,Various Artists,,189,music,sangeet-bangla-era,87.0,https://www.youtube.com/watch?v=sj_0199song,
Sangeet Bangla Era Gem 200 | Cultural Heritage Series,Various Artists,,198,music,sangeet-bangla-era,88.0,https://www.youtube.com/watch?v=sj_0200song,
Sangeet Bangla Era Gem 201 | Cultural Heritage Series,Various Artists,,207,music,sangeet-bangla-era,89.0,https://www.youtube.com/watch?v=sj_0201song,
Sangeet Bangla Era Gem 202 | Cultural Heritage Series,Various Artists,,216,music,sangeet-bangla-era,90.0,https://www.youtube.com/watch?v=sj_0202song,
Sangeet Bangla Era Gem 203 | Cultural Heritage Series,Various Artists,,225,music,sangeet-bangla-era,91.0,https://www.youtube.com/watch?v=sj_0203song,
Sangeet Bangla Era Gem 204 | Cultural Heritage Series,Various Artists,,234,music,sangeet-bangla-era,92.0,https://www.youtube.com/watch?v=sj_0204song,
Sangeet Bangla Era Gem 205 | Cultural Heritage Series,Various Artists,,243,music,sangeet-bangla-era,93.0,https://www.youtube.com/watch?v=sj_0205song,
Sangeet Bangla Era Gem 206 | Cultural Heritage Series,Various Artists,,252,music,sangeet-bangla-era,94.0,https://www.youtube.com/watch?v=sj_0206song,
Sangeet Bangla Era Gem 207 | Cultural Heritage Series,Various Artists,,261,music,sangeet-bangla-era,95.0,https://www.youtube.com/watch?v=sj_0207song,
Sangeet Bangla Era Gem 208 | Cultural Heritage Series,Various Artists,,270,music,sangeet-bangla-era,96.0,https://www.youtube.com/watch?v=sj_0208song,
Sangeet Bangla Era Gem 209 | Cultural Heritage Series,Various Artists,,279,music,sangeet-bangla-era,97.0,https://www.youtube.com/watch?v=sj_0209song,
Sangeet Bangla Era Gem 210 | Cultural Heritage Series,Various Artists,,288,music,sangeet-bangla-era,70.0,https://www.youtube.com/watch?v=sj_0210song,
Sangeet Bangla Era Gem 211 | Cultural Heritage Series,Various Artists,,297,music,sangeet-bangla-era,71.0,https://www.youtube.com/watch?v=sj_0211song,
Sangeet Bangla Era Gem 212 | Cultural Heritage Series,Various Artists,,306,music,sangeet-bangla-era,72.0,https://www.youtube.com/watch?v=sj_0212song,
Sangeet Bangla Era Gem 213 | Cultural Heritage Series,Various Artists,,315,music,sangeet-bangla-era,73.0,https://www.youtube.com/watch?v=sj_0213song,
Sangeet Bangla Era Gem 214 | Cultural Heritage Series,Various Artists,,324,music,sangeet-bangla-era,74.0,https://www.youtube.com/watch?v=sj_0214song,
Sangeet Bangla Era Gem 215 | Cultural Heritage Series,Various Artists,,333,music,sangeet-bangla-era,75.0,https://www.youtube.com/watch?v=sj_0215song,
Sangeet Bangla Era Gem 216 | Cultural Heritage Series,Various Artists,,342,music,sangeet-bangla-era,76.0,https://www.youtube.com/watch?v=sj_0216song,
Sangeet Bangla Era Gem 217 | Cultural Heritage Series,Various Artists,,351,music,sangeet-bangla-era,77.0,https://www.youtube.com/watch?v=sj_0217song,
Sangeet Bangla Era Gem 218 | Cultural Heritage Series,Various Artists,,180,music,sangeet-bangla-era,78.0,https://www.youtube.com/watch?v=sj_0218song,
Sangeet Bangla Era Gem 219 | Cultural Heritage Series,Various Artists,,189,music,sangeet-bangla-era,79.0,https://www.youtube.com/watch?v=sj_0219song,
Sangeet Bangla Era Gem 220 | Cultural Heritage Series,Various Artists,,198,music,sangeet-bangla-era,80.0,https://www.youtube.com/watch?v=sj_0220song,
Sangeet Bangla Era Gem 221 | Cultural Heritage Series,Various Artists,,207,music,sangeet-bangla-era,81.0,https://www.youtube.com/watch?v=sj_0221song,
Sangeet Bangla Era Gem 222 | Cultural Heritage Series,Various Artists,,216,music,sangeet-bangla-era,82.0,https://www.youtube.com/watch?v=sj_0222song,
Sangeet Bangla Era Gem 223 | Cultural Heritage Series,Various Artists,,225,music,sangeet-bangla-era,83.0,https://www.youtube.com/watch?v=sj_0223song,
Sangeet Bangla Era Gem 224 | Cultural Heritage Series,Various Artists,,234,music,sangeet-bangla-era,84.0,https://www.youtube.com/watch?v=sj_0224song,
Sangeet Bangla Era Gem 225 | Cultural Heritage Series,Various Artists,,243,music,sangeet-bangla-era,85.0,https://www.youtube.com/watch?v=sj_0225song,
Sangeet Bangla Era Gem 226 | Cultural Heritage Series,Various Artists,,252,music,sangeet-bangla-era,86.0,https://www.youtube.com/watch?v=sj_0226song,
Sangeet Bangla Era Gem 227 | Cultural Heritage Series,Various Artists,,261,music,sangeet-bangla-era,87.0,https://www.youtube.com/watch?v=sj_0227song,
Sangeet Bangla Era Gem 228 | Cultural Heritage Series,Various Artists,,270,music,sangeet-bangla-era,88.0,https://www.youtube.com/watch?v=sj_0228song,
Sangeet Bangla Era Gem 229 | Cultural Heritage Series,Various Artists,,279,music,sangeet-bangla-era,89.0,https://www.youtube.com/watch?v=sj_0229song,
Sangeet Bangla Era Gem 230 | Cultural Heritage Series,Various Artists,,288,music,sangeet-bangla-era,90.0,https://www.youtube.com/watch?v=sj_0230song,
Sangeet Bangla Era Gem 231 | Cultural Heritage Series,Various Artists,,297,music,sangeet-bangla-era,91.0,https://www.youtube.com/watch?v=sj_0231song,
Sangeet Bangla Era Gem 232 | Cultural Heritage Series,Various Artists,,306,music,sangeet-bangla-era,92.0,https://www.youtube.com/watch?v=sj_0232song,
Sangeet Bangla Era Gem 233 | Cultural Heritage Series,Various Artists,,315,music,sangeet-bangla-era,93.0,https://www.youtube.com/watch?v=sj_0233song,
Sangeet Bangla Era Gem 234 | Cultural Heritage Series,Various Artists,,324,music,sangeet-bangla-era,94.0,https://www.youtube.com/watch?v=sj_0234song,
Sangeet Bangla Era Gem 235 | Cultural Heritage Series,Various Artists,,333,music,sangeet-bangla-era,95.0,https://www.youtube.com/watch?v=sj_0235song,
Sangeet Bangla Era Gem 236 | Cultural Heritage Series,Various Artists,,342,music,sangeet-bangla-era,96.0,https://www.youtube.com/watch?v=sj_0236song,
Sangeet Bangla Era Gem 237 | Cultural Heritage Series,Various Artists,,351,music,sangeet-bangla-era,97.0,https://www.youtube.com/watch?v=sj_0237song,
Sangeet Bangla Era Gem 238 | Cultural Heritage Series,Various Artists,,180,music,sangeet-bangla-era,70.0,https://www.youtube.com/watch?v=sj_0238song,
Sangeet Bangla Era Gem 239 | Cultural Heritage Series,Various Artists,,189,music,sangeet-bangla-era,71.0,https://www.youtube.com/watch?v=sj_0239song,
Sangeet Bangla Era Gem 240 | Cultural Heritage Series,Various Artists,,198,music,sangeet-bangla-era,72.0,https://www.youtube.com/watch?v=sj_0240song,
Sangeet Bangla Era Gem 241 | Cultural Heritage Series,Various Artists,,207,music,sangeet-bangla-era,73.0,https://www.youtube.com/watch?v=sj_0241song,
Sangeet Bangla Era Gem 242 | Cultural Heritage Series,Various Artists,,216,music,sangeet-bangla-era,74.0,https://www.youtube.com/watch?v=sj_0242song,
Sangeet Bangla Era Gem 243 | Cultural Heritage Series,Various Artists,,225,music,sangeet-bangla-era,75.0,https://www.youtube.com/watch?v=sj_0243song,
Sangeet Bangla Era Gem 244 | Cultural Heritage Series,Various Artists,,234,music,sangeet-bangla-era,76.0,https://www.youtube.com/watch?v=sj_0244song,
Sangeet Bangla Era Gem 245 | Cultural Heritage Series,Various Artists,,243,music,sangeet-bangla-era,77.0,https://www.youtube.com/watch?v=sj_0245song,
Sangeet Bangla Era Gem 246 | Cultural Heritage Series,Various Artists,,252,music,sangeet-bangla-era,78.0,https://www.youtube.com/watch?v=sj_0246song,
Sangeet Bangla Era Gem 247 | Cultural Heritage Series,Various Artists,,261,music,sangeet-bangla-era,79.0,https://www.youtube.com/watch?v=sj_0247song,
Sangeet Bangla Era Gem 248 | Cultural Heritage Series,Various Artists,,270,music,sangeet-bangla-era,80.0,https://www.youtube.com/watch?v=sj_0248song,
Sangeet Bangla Era Gem 249 | Cultural Heritage Series,Various Artists,,279,music,sangeet-bangla-era,81.0,https://www.youtube.com/watch?v=sj_0249song,
Sangeet Bangla Era Gem 250 | Cultural Heritage Series,Various Artists,,288,music,sangeet-bangla-era,82.0,https://www.youtube.com/watch?v=sj_0250song,
Sangeet Bangla Era Gem 251 | Cultural Heritage Series,Various Artists,,297,music,sangeet-bangla-era,83.0,https://www.youtube.com/watch?v=sj_0251song,
Sangeet Bangla Era Gem 252 | Cultural Heritage Series,Various Artists,,306,music,sangeet-bangla-era,84.0,https://www.youtube.com/watch?v=sj_0252song,
Sangeet Bangla Era Gem 253 | Cultural Heritage Series,Various Artists,,315,music,sangeet-bangla-era,85.0,https://www.youtube.com/watch?v=sj_0253song,
Sangeet Bangla Era Gem 254 | Cultural Heritage Series,Various Artists,,324,music,sangeet-bangla-era,86.0,https://www.youtube.com/watch?v=sj_0254song,
Sangeet Bangla Era Gem 255 | Cultural Heritage Series,Various Artists,,333,music,sangeet-bangla-era,87.0,https://www.youtube.com/watch?v=sj_0255song,
Sangeet Bangla Era Gem 256 | Cultural Heritage Series,Various Artists,,342,music,sangeet-bangla-era,88.0,https://www.youtube.com/watch?v=sj_0256song,
Sangeet Bangla Era Gem 257 | Cultural Heritage Series,Various Artists,,351,music,sangeet-bangla-era,89.0,https://www.youtube.com/watch?v=sj_0257song,
Sangeet Bangla Era Gem 258 | Cultural Heritage Series,Various Artists,,180,music,sangeet-bangla-era,90.0,https://www.youtube.com/watch?v=sj_0258song,
Sangeet Bangla Era Gem 259 | Cultural Heritage Series,Various Artists,,189,music,sangeet-bangla-era,91.0,https://www.youtube.com/watch?v=sj_0259song,
Sangeet Bangla Era Gem 260 | Cultural Heritage Series,Various Artists,,198,music,sangeet-bangla-era,92.0,https://www.youtube.com/watch?v=sj_0260song,
Sangeet Bangla Era Gem 261 | Cultural Heritage Series,Various Artists,,207,music,sangeet-bangla-era,93.0,https://www.youtube.com/watch?v=sj_0261song,
Sangeet Bangla Era Gem 262 | Cultural Heritage Series,Various Artists,,216,music,sangeet-bangla-era,94.0,https://www.youtube.com/watch?v=sj_0262song,
Sangeet Bangla Era Gem 263 | Cultural Heritage Series,Various Artists,,225,music,sangeet-bangla-era,95.0,https://www.youtube.com/watch?v=sj_0263song,
Sangeet Bangla Era Gem 264 | Cultural Heritage Series,Various Artists,,234,music,sangeet-bangla-era,96.0,https://www.youtube.com/watch?v=sj_0264song,
Sangeet Bangla Era Gem 265 | Cultural Heritage Series,Various Artists,,243,music,sangeet-bangla-era,97.0,https://www.youtube.com/watch?v=sj_0265song,
Sangeet Bangla Era Gem 266 | Cultural Heritage Series,Various Artists,,252,music,sangeet-bangla-era,70.0,https://www.youtube.com/watch?v=sj_0266song,
Sangeet Bangla Era Gem 267 | Cultural Heritage Series,Various Artists,,261,music,sangeet-bangla-era,71.0,https://www.youtube.com/watch?v=sj_0267song,
Sangeet Bangla Era Gem 268 | Cultural Heritage Series,Various Artists,,270,music,sangeet-bangla-era,72.0,https://www.youtube.com/watch?v=sj_0268song,
Sangeet Bangla Era Gem 269 | Cultural Heritage Series,Various Artists,,279,music,sangeet-bangla-era,73.0,https://www.youtube.com/watch?v=sj_0269song,
Sangeet Bangla Era Gem 270 | Cultural Heritage Series,Various Artists,,288,music,sangeet-bangla-era,74.0,https://www.youtube.com/watch?v=sj_0270song,
Sangeet Bangla Era Gem 271 | Cultural Heritage Series,Various Artists,,297,music,sangeet-bangla-era,75.0,https://www.youtube.com/watch?v=sj_0271song,
Sangeet Bangla Era Gem 272 | Cultural Heritage Series,Various Artists,,306,music,sangeet-bangla-era,76.0,https://www.youtube.com/watch?v=sj_0272song,
Sangeet Bangla Era Gem 273 | Cultural Heritage Series,Various Artists,,315,music,sangeet-bangla-era,77.0,https://www.youtube.com/watch?v=sj_0273song,
Sangeet Bangla Era Gem 274 | Cultural Heritage Series,Various Artists,,324,music,sangeet-bangla-era,78.0,https://www.youtube.com/watch?v=sj_0274song,
Sangeet Bangla Era Gem 275 | Cultural Heritage Series,Various Artists,,333,music,sangeet-bangla-era,79.0,https://www.youtube.com/watch?v=sj_0275song,
Sangeet Bangla Era Gem 276 | Cultural Heritage Series,Various Artists,,342,music,sangeet-bangla-era,80.0,https://www.youtube.com/watch?v=sj_0276song,
Sangeet Bangla Era Gem 277 | Cultural Heritage Series,Various Artists,,351,music,sangeet-bangla-era,81.0,https://www.youtube.com/watch?v=sj_0277song,
Sangeet Bangla Era Gem 278 | Cultural Heritage Series,Various Artists,,180,music,sangeet-bangla-era,82.0,https://www.youtube.com/watch?v=sj_0278song,
Sangeet Bangla Era Gem 279 | Cultural Heritage Series,Various Artists,,189,music,sangeet-bangla-era,83.0,https://www.youtube.com/watch?v=sj_0279song,
Sangeet Bangla Era Gem 280 | Cultural Heritage Series,Various Artists,,198,music,sangeet-bangla-era,84.0,https://www.youtube.com/watch?v=sj_0280song,
Sangeet Bangla Era Gem 281 | Cultural Heritage Series,Various Artists,,207,music,sangeet-bangla-era,85.0,https://www.youtube.com/watch?v=sj_0281song,
Sangeet Bangla Era Gem 282 | Cultural Heritage Series,Various Artists,,216,music,sangeet-bangla-era,86.0,https://www.youtube.com/watch?v=sj_0282song,
Sangeet Bangla Era Gem 283 | Cultural Heritage Series,Various Artists,,225,music,sangeet-bangla-era,87.0,https://www.youtube.com/watch?v=sj_0283song,
Sangeet Bangla Era Gem 284 | Cultural Heritage Series,Various Artists,,234,music,sangeet-bangla-era,88.0,https://www.youtube.com/watch?v=sj_0284song,
Sangeet Bangla Era Gem 285 | Cultural Heritage Series,Various Artists,,243,music,sangeet-bangla-era,89.0,https://www.youtube.com/watch?v=sj_0285song,
Sangeet Bangla Era Gem 286 | Cultural Heritage Series,Various Artists,,252,music,sangeet-bangla-era,90.0,https://www.youtube.com/watch?v=sj_0286song,
Sangeet Bangla Era Gem 287 | Cultural Heritage Series,Various Artists,,261,music,sangeet-bangla-era,91.0,https://www.youtube.com/watch?v=sj_0287song,
Sangeet Bangla Era Gem 288 | Cultural Heritage Series,Various Artists,,270,music,sangeet-bangla-era,92.0,https://www.youtube.com/watch?v=sj_0288song,
Sangeet Bangla Era Gem 289 | Cultural Heritage Series,Various Artists,,279,music,sangeet-bangla-era,93.0,https://www.youtube.com/watch?v=sj_0289song,
Sangeet Bangla Era Gem 290 | Cultural Heritage Series,Various Artists,,288,music,sangeet-bangla-era,94.0,https://www.youtube.com/watch?v=sj_0290song,
Sangeet Bangla Era Gem 291 | Cultural Heritage Series,Various Artists,,297,music,sangeet-bangla-era,95.0,https://www.youtube.com/watch?v=sj_0291song,
Sangeet Bangla Era Gem 292 | Cultural Heritage Series,Various Artists,,306,music,sangeet-bangla-era,96.0,https://www.youtube.com/watch?v=sj_0292song,
Sangeet Bangla Era Gem 293 | Cultural Heritage Series,Various Artists,,315,music,sangeet-bangla-era,97.0,https://www.youtube.com/watch?v=sj_0293song,
Sangeet Bangla Era Gem 294 | Cultural Heritage Series,Various Artists,,324,music,sangeet-bangla-era,70.0,https://www.youtube.com/watch?v=sj_0294song,
Sangeet Bangla Era Gem 295 | Cultural Heritage Series,Various Artists,,333,music,sangeet-bangla-era,71.0,https://www.youtube.com/watch?v=sj_0295song,
Sangeet Bangla Era Gem 296 | Cultural Heritage Series,Various Artists,,342,music,sangeet-bangla-era,72.0,https://www.youtube.com/watch?v=sj_0296song,
Sangeet Bangla Era Gem 297 | Cultural Heritage Series,Various Artists,,351,music,sangeet-bangla-era,73.0,https://www.youtube.com/watch?v=sj_0297song,
Sangeet Bangla Era Gem 298 | Cultural Heritage Series,Various Artists,,180,music,sangeet-bangla-era,74.0,https://www.youtube.com/watch?v=sj_0298song,
Sangeet Bangla Era Gem 299 | Cultural Heritage Series,Various Artists,,189,music,sangeet-bangla-era,75.0,https://www.youtube.com/watch?v=sj_0299song,
Sangeet Bangla Era Gem 300 | Cultural Heritage Series,Various Artists,,198,music,sangeet-bangla-era,76.0,https://www.youtube.com/watch?v=sj_0300song,
Sangeet Bangla Era Gem 301 | Cultural Heritage Series,Various Artists,,207,music,sangeet-bangla-era,77.0,https://www.youtube.com/watch?v=sj_0301song,
Sangeet Bangla Era Gem 302 | Cultural Heritage Series,Various Artists,,216,music,sangeet-bangla-era,78.0,https://www.youtube.com/watch?v=sj_0302song,
Sangeet Bangla Era Gem 303 | Cultural Heritage Series,Various Artists,,225,music,sangeet-bangla-era,79.0,https://www.youtube.com/watch?v=sj_0303song,
Sangeet Bangla Era Gem 304 | Cultural Heritage Series,Various Artists,,234,music,sangeet-bangla-era,80.0,https://www.youtube.com/watch?v=sj_0304song,
Sangeet Bangla Era Gem 305 | Cultural Heritage Series,Various Artists,,243,music,sangeet-bangla-era,81.0,https://www.youtube.com/watch?v=sj_0305song,
Sangeet Bangla Era Gem 306 | Cultural Heritage Series,Various Artists,,252,music,sangeet-bangla-era,82.0,https://www.youtube.com/watch?v=sj_0306song,
Sangeet Bangla Era Gem 307 | Cultural Heritage Series,Various Artists,,261,music,sangeet-bangla-era,83.0,https://www.youtube.com/watch?v=sj_0307song,
Sangeet Bangla Era Gem 308 | Cultural Heritage Series,Various Artists,,270,music,sangeet-bangla-era,84.0,https://www.youtube.com/watch?v=sj_0308song,
Sangeet Bangla Era Gem 309 | Cultural Heritage Series,Various Artists,,279,music,sangeet-bangla-era,85.0,https://www.youtube.com/watch?v=sj_0309song,
Sangeet Bangla Era Gem 310 | Cultural Heritage Series,Various Artists,,288,music,sangeet-bangla-era,86.0,https://www.youtube.com/watch?v=sj_0310song,
Sangeet Bangla Era Gem 311 | Cultural Heritage Series,Various Artists,,297,music,sangeet-bangla-era,87.0,https://www.youtube.com/watch?v=sj_0311song,
Sangeet Bangla Era Gem 312 | Cultural Heritage Series,Various Artists,,306,music,sangeet-bangla-era,88.0,https://www.youtube.com/watch?v=sj_0312song,
Sangeet Bangla Era Gem 313 | Cultural Heritage Series,Various Artists,,315,music,sangeet-bangla-era,89.0,https://www.youtube.com/watch?v=sj_0313song,
Sangeet Bangla Era Gem 314 | Cultural Heritage Series,Various Artists,,324,music,sangeet-bangla-era,90.0,https://www.youtube.com/watch?v=sj_0314song,
Sangeet Bangla Era Gem 315 | Cultural Heritage Series,Various Artists,,333,music,sangeet-bangla-era,91.0,https://www.youtube.com/watch?v=sj_0315song,
Sangeet Bangla Era Gem 316 | Cultural Heritage Series,Various Artists,,342,music,sangeet-bangla-era,92.0,https://www.youtube.com/watch?v=sj_0316song,
Sangeet Bangla Era Gem 317 | Cultural Heritage Series,Various Artists,,351,music,sangeet-bangla-era,93.0,https://www.youtube.com/watch?v=sj_0317song,
Sangeet Bangla Era Gem 318 | Cultural Heritage Series,Various Artists,,180,music,sangeet-bangla-era,94.0,https://www.youtube.com/watch?v=sj_0318song,
Sangeet Bangla Era Gem 319 | Cultural Heritage Series,Various Artists,,189,music,sangeet-bangla-era,95.0,https://www.youtube.com/watch?v=sj_0319song,
Sangeet Bangla Era Gem 320 | Cultural Heritage Series,Various Artists,,198,music,sangeet-bangla-era,96.0,https://www.youtube.com/watch?v=sj_0320song,
Sangeet Bangla Era Gem 321 | Cultural Heritage Series,Various Artists,,207,music,sangeet-bangla-era,97.0,https://www.youtube.com/watch?v=sj_0321song,
Sangeet Bangla Era Gem 322 | Cultural Heritage Series,Various Artists,,216,music,sangeet-bangla-era,70.0,https://www.youtube.com/watch?v=sj_0322song,
Sangeet Bangla Era Gem 323 | Cultural Heritage Series,Various Artists,,225,music,sangeet-bangla-era,71.0,https://www.youtube.com/watch?v=sj_0323song,
Sangeet Bangla Era Gem 324 | Cultural Heritage Series,Various Artists,,234,music,sangeet-bangla-era,72.0,https://www.youtube.com/watch?v=sj_0324song,
Sangeet Bangla Era Gem 325 | Cultural Heritage Series,Various Artists,,243,music,sangeet-bangla-era,73.0,https://www.youtube.com/watch?v=sj_0325song,
Sangeet Bangla Era Gem 326 | Cultural Heritage Series,Various Artists,,252,music,sangeet-bangla-era,74.0,https://www.youtube.com/watch?v=sj_0326song,
Sangeet Bangla Era Gem 327 | Cultural Heritage Series,Various Artists,,261,music,sangeet-bangla-era,75.0,https://www.youtube.com/watch?v=sj_0327song,
Sangeet Bangla Era Gem 328 | Cultural Heritage Series,Various Artists,,270,music,sangeet-bangla-era,76.0,https://www.youtube.com/watch?v=sj_0328song,
Sangeet Bangla Era Gem 329 | Cultural Heritage Series,Various Artists,,279,music,sangeet-bangla-era,77.0,https://www.youtube.com/watch?v=sj_0329song,
Sangeet Bangla Era Gem 330 | Cultural Heritage Series,Various Artists,,288,music,sangeet-bangla-era,78.0,https://www.youtube.com/watch?v=sj_0330song,
Sangeet Bangla Era Gem 331 | Cultural Heritage Series,Various Artists,,297,music,sangeet-bangla-era,79.0,https://www.youtube.com/watch?v=sj_0331song,
Sangeet Bangla Era Gem 332 | Cultural Heritage Series,Various Artists,,306,music,sangeet-bangla-era,80.0,https://www.youtube.com/watch?v=sj_0332song,
Sangeet Bangla Era Gem 333 | Cultural Heritage Series,Various Artists,,315,music,sangeet-bangla-era,81.0,https://www.youtube.com/watch?v=sj_0333song,
Sangeet Bangla Era Gem 334 | Cultural Heritage Series,Various Artists,,324,music,sangeet-bangla-era,82.0,https://www.youtube.com/watch?v=sj_0334song,
Sangeet Bangla Era Gem 335 | Cultural Heritage Series,Various Artists,,333,music,sangeet-bangla-era,83.0,https://www.youtube.com/watch?v=sj_0335song,
Sangeet Bangla Era Gem 336 | Cultural Heritage Series,Various Artists,,342,music,sangeet-bangla-era,84.0,https://www.youtube.com/watch?v=sj_0336song,
Old Bengali Melody Gem 337 | Cultural Heritage Series,Various Artists,,180,music,old-bengali-melody,70.0,https://www.youtube.com/watch?v=sj_0337song,
Old Bengali Melody Gem 338 | Cultural Heritage Series,Various Artists,,189,music,old-bengali-melody,71.0,https://www.youtube.com/watch?v=sj_0338song,
Old Bengali Melody Gem 339 | Cultural Heritage Series,Various Artists,,198,music,old-bengali-melody,72.0,https://www.youtube.com/watch?v=sj_0339song,
Old Bengali Melody Gem 340 | Cultural Heritage Series,Various Artists,,207,music,old-bengali-melody,73.0,https://www.youtube.com/watch?v=sj_0340song,
Old Bengali Melody Gem 341 | Cultural Heritage Series,Various Artists,,216,music,old-bengali-melody,74.0,https://www.youtube.com/watch?v=sj_0341song,
Old Bengali Melody Gem 342 | Cultural Heritage Series,Various Artists,,225,music,old-bengali-melody,75.0,https://www.youtube.com/watch?v=sj_0342song,
Old Bengali Melody Gem 343 | Cultural Heritage Series,Various Artists,,234,music,old-bengali-melody,76.0,https://www.youtube.com/watch?v=sj_0343song,
Old Bengali Melody Gem 344 | Cultural Heritage Series,Various Artists,,243,music,old-bengali-melody,77.0,https://www.youtube.com/watch?v=sj_0344song,
Old Bengali Melody Gem 345 | Cultural Heritage Series,Various Artists,,252,music,old-bengali-melody,78.0,https://www.youtube.com/watch?v=sj_0345song,
Old Bengali Melody Gem 346 | Cultural Heritage Series,Various Artists,,261,music,old-bengali-melody,79.0,https://www.youtube.com/watch?v=sj_0346song,
Old Bengali Melody Gem 347 | Cultural Heritage Series,Various Artists,,270,music,old-bengali-melody,80.0,https://www.youtube.com/watch?v=sj_0347song,
Old Bengali Melody Gem 348 | Cultural Heritage Series,Various Artists,,279,music,old-bengali-melody,81.0,https://www.youtube.com/watch?v=sj_0348song,
Old Bengali Melody Gem 349 | Cultural Heritage Series,Various Artists,,288,music,old-bengali-melody,82.0,https://www.youtube.com/watch?v=sj_0349song,
Old Bengali Melody Gem 350 | Cultural Heritage Series,Various Artists,,297,music,old-bengali-melody,83.0,https://www.youtube.com/watch?v=sj_0350song,
Old Bengali Melody Gem 351 | Cultural Heritage Series,Various Artists,,306,music,old-bengali-melody,84.0,https://www.youtube.com/watch?v=sj_0351song,
Old Bengali Melody Gem 352 | Cultural Heritage Series,Various Artists,,315,music,old-bengali-melody,85.0,https://www.youtube.com/watch?v=sj_0352song,
Old Bengali Melody Gem 353 | Cultural Heritage Series,Various Artists,,324,music,old-bengali-melody,86.0,https://www.youtube.com/watch?v=sj_0353song,
Old Bengali Melody Gem 354 | Cultural Heritage Series,Various Artists,,333,music,old-bengali-melody,87.0,https://www.youtube.com/watch?v=sj_0354song,
Old Bengali Melody Gem 355 | Cultural Heritage Series,Various Artists,,342,music,old-bengali-melody,88.0,https://www.youtube.com/watch?v=sj_0355song,
Old Bengali Melody Gem 356 | Cultural Heritage Series,Various Artists,,351,music,old-bengali-melody,89.0,https://www.youtube.com/watch?v=sj_0356song,
Old Bengali Melody Gem 357 | Cultural Heritage Series,Various Artists,,180,music,old-bengali-melody,90.0,https://www.youtube.com/watch?v=sj_0357song,
Old Bengali Melody Gem 358 | Cultural Heritage Series,Various Artists,,189,music,old-bengali-melody,91.0,https://www.youtube.com/watch?v=sj_0358song,
Old Bengali Melody Gem 359 | Cultural Heritage Series,Various Artists,,198,music,old-bengali-melody,92.0,https://www.youtube.com/watch?v=sj_0359song,
Old Bengali Melody Gem 360 | Cultural Heritage Series,Various Artists,,207,music,old-bengali-melody,93.0,https://www.youtube.com/watch?v=sj_0360song,
Old Bengali Melody Gem 361 | Cultural Heritage Series,Various Artists,,216,music,old-bengali-melody,94.0,https://www.youtube.com/watch?v=sj_0361song,
Old Bengali Melody Gem 362 | Cultural Heritage Series,Various Artists,,225,music,old-bengali-melody,95.0,https://www.youtube.com/watch?v=sj_0362song,
Old Bengali Melody Gem 363 | Cultural Heritage Series,Various Artists,,234,music,old-bengali-melody,96.0,https://www.youtube.com/watch?v=sj_0363song,
Old Bengali Melody Gem 364 | Cultural Heritage Series,Various Artists,,243,music,old-bengali-melody,97.0,https://www.youtube.com/watch?v=sj_0364song,
Old Bengali Melody Gem 365 | Cultural Heritage Series,Various Artists,,252,music,old-bengali-melody,70.0,https://www.youtube.com/watch?v=sj_0365song,
Old Bengali Melody Gem 366 | Cultural Heritage Series,Various Artists,,261,music,old-bengali-melody,71.0,https://www.youtube.com/watch?v=sj_0366song,
Old Bengali Melody Gem 367 | Cultural Heritage Series,Various Artists,,270,music,old-bengali-melody,72.0,https://www.youtube.com/watch?v=sj_0367song,
Old Bengali Melody Gem 368 | Cultural Heritage Series,Various Artists,,279,music,old-bengali-melody,73.0,https://www.youtube.com/watch?v=sj_0368song,
Old Bengali Melody Gem 369 | Cultural Heritage Series,Various Artists,,288,music,old-bengali-melody,74.0,https://www.youtube.com/watch?v=sj_0369song,
Old Bengali Melody Gem 370 | Cultural Heritage Series,Various Artists,,297,music,old-bengali-melody,75.0,https://www.youtube.com/watch?v=sj_0370song,
Old Bengali Melody Gem 371 | Cultural Heritage Series,Various Artists,,306,music,old-bengali-melody,76.0,https://www.youtube.com/watch?v=sj_0371song,
Old Bengali Melody Gem 372 | Cultural Heritage Series,Various Artists,,315,music,old-bengali-melody,77.0,https://www.youtube.com/watch?v=sj_0372song,
Old Bengali Melody Gem 373 | Cultural Heritage Series,Various Artists,,324,music,old-bengali-melody,78.0,https://www.youtube.com/watch?v=sj_0373song,
Old Bengali Melody Gem 374 | Cultural Heritage Series,Various Artists,,333,music,old-bengali-melody,79.0,https://www.youtube.com/watch?v=sj_0374song,
Old Bengali Melody Gem 375 | Cultural Heritage Series,Various Artists,,342,music,old-bengali-melody,80.0,https://www.youtube.com/watch?v=sj_0375song,
Old Bengali Melody Gem 376 | Cultural Heritage Series,Various Artists,,351,music,old-bengali-melody,81.0,https://www.youtube.com/watch?v=sj_0376song,
Old Bengali Melody Gem 377 | Cultural Heritage Series,Various Artists,,180,music,old-bengali-melody,82.0,https://www.youtube.com/watch?v=sj_0377song,
Old Bengali Melody Gem 378 | Cultural Heritage Series,Various Artists,,189,music,old-bengali-melody,83.0,https://www.youtube.com/watch?v=sj_0378song,
Old Bengali Melody Gem 379 | Cultural Heritage Series,Various Artists,,198,music,old-bengali-melody,84.0,https://www.youtube.com/watch?v=sj_0379song,
Old Bengali Melody Gem 380 | Cultural Heritage Series,Various Artists,,207,music,old-bengali-melody,85.0,https://www.youtube.com/watch?v=sj_0380song,
Old Bengali Melody Gem 381 | Cultural Heritage Series,Various Artists,,216,music,old-bengali-melody,86.0,https://www.youtube.com/watch?v=sj_0381song,
Old Bengali Melody Gem 382 | Cultural Heritage Series,Various Artists,,225,music,old-bengali-melody,87.0,https://www.youtube.com/watch?v=sj_0382song,
Old Bengali Melody Gem 383 | Cultural Heritage Series,Various Artists,,234,music,old-bengali-melody,88.0,https://www.youtube.com/watch?v=sj_0383song,
Old Bengali Melody Gem 384 | Cultural Heritage Series,Various Artists,,243,music,old-bengali-melody,89.0,https://www.youtube.com/watch?v=sj_0384song,
Old Bengali Melody Gem 385 | Cultural Heritage Series,Various Artists,,252,music,old-bengali-melody,90.0,https://www.youtube.com/watch?v=sj_0385song,
Old Bengali Melody Gem 386 | Cultural Heritage Series,Various Artists,,261,music,old-bengali-melody,91.0,https://www.youtube.com/watch?v=sj_0386song,
Old Bengali Melody Gem 387 | Cultural Heritage Series,Various Artists,,270,music,old-bengali-melody,92.0,https://www.youtube.com/watch?v=sj_0387song,
Old Bengali Melody Gem 388 | Cultural Heritage Series,Various Artists,,279,music,old-bengali-melody,93.0,https://www.youtube.com/watch?v=sj_0388song,
Old Bengali Melody Gem 389 | Cultural Heritage Series,Various Artists,,288,music,old-bengali-melody,94.0,https://www.youtube.com/watch?v=sj_0389song,
Old Bengali Melody Gem 390 | Cultural Heritage Series,Various Artists,,297,music,old-bengali-melody,95.0,https://www.youtube.com/watch?v=sj_0390song,
Old Bengali Melody Gem 391 | Cultural Heritage Series,Various Artists,,306,music,old-bengali-melody,96.0,https://www.youtube.com/watch?v=sj_0391song,
Old Bengali Melody Gem 392 | Cultural Heritage Series,Various Artists,,315,music,old-bengali-melody,97.0,https://www.youtube.com/watch?v=sj_0392song,
Old Bengali Melody Gem 393 | Cultural Heritage Series,Various Artists,,324,music,old-bengali-melody,70.0,https://www.youtube.com/watch?v=sj_0393song,
Old Bengali Melody Gem 394 | Cultural Heritage Series,Various Artists,,333,music,old-bengali-melody,71.0,https://www.youtube.com/watch?v=sj_0394song,
Old Bengali Melody Gem 395 | Cultural Heritage Series,Various Artists,,342,music,old-bengali-melody,72.0,https://www.youtube.com/watch?v=sj_0395song,
Old Bengali Melody Gem 396 | Cultural Heritage Series,Various Artists,,351,music,old-bengali-melody,73.0,https://www.youtube.com/watch?v=sj_0396song,
Old Bengali Melody Gem 397 | Cultural Heritage Series,Various Artists,,180,music,old-bengali-melody,74.0,https://www.youtube.com/watch?v=sj_0397song,
Old Bengali Melody Gem 398 | Cultural Heritage Series,Various Artists,,189,music,old-bengali-melody,75.0,https://www.youtube.com/watch?v=sj_0398song,
Old Bengali Melody Gem 399 | Cultural Heritage Series,Various Artists,,198,music,old-bengali-melody,76.0,https://www.youtube.com/watch?v=sj_0399song,
Old Bengali Melody Gem 400 | Cultural Heritage Series,Various Artists,,207,music,old-bengali-melody,77.0,https://www.youtube.com/watch?v=sj_0400song,
Old Bengali Melody Gem 401 | Cultural Heritage Series,Various Artists,,216,music,old-bengali-melody,78.0,https://www.youtube.com/watch?v=sj_0401song,
Old Bengali Melody Gem 402 | Cultural Heritage Series,Various Artists,,225,music,old-bengali-melody,79.0,https://www.youtube.com/watch?v=sj_0402song,
Old Bengali Melody Gem 403 | Cultural Heritage Series,Various Artists,,234,music,old-bengali-melody,80.0,https://www.youtube.com/watch?v=sj_0403song,
Old Bengali Melody Gem 404 | Cultural Heritage Series,Various Artists,,243,music,old-bengali-melody,81.0,https://www.youtube.com/watch?v=sj_0404song,
Old Bengali Melody Gem 405 | Cultural Heritage Series,Various Artists,,252,music,old-bengali-melody,82.0,https://www.youtube.com/watch?v=sj_0405song,
Old Bengali Melody Gem 406 | Cultural Heritage Series,Various Artists,,261,music,old-bengali-melody,83.0,https://www.youtube.com/watch?v=sj_0406song,
Old Bengali Melody Gem 407 | Cultural Heritage Series,Various Artists,,270,music,old-bengali-melody,84.0,https://www.youtube.com/watch?v=sj_0407song,
Old Bengali Melody Gem 408 | Cultural Heritage Series,Various Artists,,279,music,old-bengali-melody,85.0,https://www.youtube.com/watch?v=sj_0408song,
Old Bengali Melody Gem 409 | Cultural Heritage Series,Various Artists,,288,music,old-bengali-melody,86.0,https://www.youtube.com/watch?v=sj_0409song,
Old Bengali Melody Gem 410 | Cultural Heritage Series,Various Artists,,297,music,old-bengali-melody,87.0,https://www.youtube.com/watch?v=sj_0410song,
Old Bengali Melody Gem 411 | Cultural Heritage Series,Various Artists,,306,music,old-bengali-melody,88.0,https://www.youtube.com/watch?v=sj_0411song,
Old Bengali Melody Gem 412 | Cultural Heritage Series,Various Artists,,315,music,old-bengali-melody,89.0,https://www.youtube.com/watch?v=sj_0412song,
Old Bengali Melody Gem 413 | Cultural Heritage Series,Various Artists,,324,music,old-bengali-melody,90.0,https://www.youtube.com/watch?v=sj_0413song,
Old Bengali Melody Gem 414 | Cultural Heritage Series,Various Artists,,333,music,old-bengali-melody,91.0,https://www.youtube.com/watch?v=sj_0414song,
Old Bengali Melody Gem 415 | Cultural Heritage Series,Various Artists,,342,music,old-bengali-melody,92.0,https://www.youtube.com/watch?v=sj_0415song,
Old Bengali Melody Gem 416 | Cultural Heritage Series,Various Artists,,351,music,old-bengali-melody,93.0,https://www.youtube.com/watch?v=sj_0416song,
Old Bengali Melody Gem 417 | Cultural Heritage Series,Various Artists,,180,music,old-bengali-melody,94.0,https://www.youtube.com/watch?v=sj_0417song,
Old Bengali Melody Gem 418 | Cultural Heritage Series,Various Artists,,189,music,old-bengali-melody,95.0,https://www.youtube.com/watch?v=sj_0418song,
Old Bengali Melody Gem 419 | Cultural Heritage Series,Various Artists,,198,music,old-bengali-melody,96.0,https://www.youtube.com/watch?v=sj_0419song,
Old Bengali Melody Gem 420 | Cultural Heritage Series,Various Artists,,207,music,old-bengali-melody,97.0,https://www.youtube.com/watch?v=sj_0420song,
Old Bengali Melody Gem 421 | Cultural Heritage Series,Various Artists,,216,music,old-bengali-melody,70.0,https://www.youtube.com/watch?v=sj_0421song,
Old Bengali Melody Gem 422 | Cultural Heritage Series,Various Artists,,225,music,old-bengali-melody,71.0,https://www.youtube.com/watch?v=sj_0422song,
Old Bengali Melody Gem 423 | Cultural Heritage Series,Various Artists,,234,music,old-bengali-melody,72.0,https://www.youtube.com/watch?v=sj_0423song,
Old Bengali Melody Gem 424 | Cultural Heritage Series,Various Artists,,243,music,old-bengali-melody,73.0,https://www.youtube.com/watch?v=sj_0424song,
Old Bengali Melody Gem 425 | Cultural Heritage Series,Various Artists,,252,music,old-bengali-melody,74.0,https://www.youtube.com/watch?v=sj_0425song,
Old Bengali Melody Gem 426 | Cultural Heritage Series,Various Artists,,261,music,old-bengali-melody,75.0,https://www.youtube.com/watch?v=sj_0426song,
Old Bengali Melody Gem 427 | Cultural Heritage Series,Various Artists,,270,music,old-bengali-melody,76.0,https://www.youtube.com/watch?v=sj_0427song,
Old Bengali Melody Gem 428 | Cultural Heritage Series,Various Artists,,279,music,old-bengali-melody,77.0,https://www.youtube.com/watch?v=sj_0428song,
Old Bengali Melody Gem 429 | Cultural Heritage Series,Various Artists,,288,music,old-bengali-melody,78.0,https://www.youtube.com/watch?v=sj_0429song,
Old Bengali Melody Gem 430 | Cultural Heritage Series,Various Artists,,297,music,old-bengali-melody,79.0,https://www.youtube.com/watch?v=sj_0430song,
Old Bengali Melody Gem 431 | Cultural Heritage Series,Various Artists,,306,music,old-bengali-melody,80.0,https://www.youtube.com/watch?v=sj_0431song,
Old Bengali Melody Gem 432 | Cultural Heritage Series,Various Artists,,315,music,old-bengali-melody,81.0,https://www.youtube.com/watch?v=sj_0432song,
Old Bengali Melody Gem 433 | Cultural Heritage Series,Various Artists,,324,music,old-bengali-melody,82.0,https://www.youtube.com/watch?v=sj_0433song,
Old Bengali Melody Gem 434 | Cultural Heritage Series,Various Artists,,333,music,old-bengali-melody,83.0,https://www.youtube.com/watch?v=sj_0434song,
Old Bengali Melody Gem 435 | Cultural Heritage Series,Various Artists,,342,music,old-bengali-melody,84.0,https://www.youtube.com/watch?v=sj_0435song,
Old Bengali Melody Gem 436 | Cultural Heritage Series,Various Artists,,351,music,old-bengali-melody,85.0,https://www.youtube.com/watch?v=sj_0436song,
Old Bengali Melody Gem 437 | Cultural Heritage Series,Various Artists,,180,music,old-bengali-melody,86.0,https://www.youtube.com/watch?v=sj_0437song,
Old Bengali Melody Gem 438 | Cultural Heritage Series,Various Artists,,189,music,old-bengali-melody,87.0,https://www.youtube.com/watch?v=sj_0438song,
Old Bengali Melody Gem 439 | Cultural Heritage Series,Various Artists,,198,music,old-bengali-melody,88.0,https://www.youtube.com/watch?v=sj_0439song,
Old Bengali Melody Gem 440 | Cultural Heritage Series,Various Artists,,207,music,old-bengali-melody,89.0,https://www.youtube.com/watch?v=sj_0440song,
Old Bengali Melody Gem 441 | Cultural Heritage Series,Various Artists,,216,music,old-bengali-melody,90.0,https://www.youtube.com/watch?v=sj_0441song,
Old Bengali Melody Gem 442 | Cultural Heritage Series,Various Artists,,225,music,old-bengali-melody,91.0,https://www.youtube.com/watch?v=sj_0442song,
Old Bengali Melody Gem 443 | Cultural Heritage Series,Various Artists,,234,music,old-bengali-melody,92.0,https://www.youtube.com/watch?v=sj_0443song,
Old Bengali Melody Gem 444 | Cultural Heritage Series,Various Artists,,243,music,old-bengali-melody,93.0,https://www.youtube.com/watch?v=sj_0444song,
Old Bengali Melody Gem 445 | Cultural Heritage Series,Various Artists,,252,music,old-bengali-melody,94.0,https://www.youtube.com/watch?v=sj_0445song,
Old Bengali Melody Gem 446 | Cultural Heritage Series,Various Artists,,261,music,old-bengali-melody,95.0,https://www.youtube.com/watch?v=sj_0446song,
Old Bengali Melody Gem 447 | Cultural Heritage Series,Various Artists,,270,music,old-bengali-melody,96.0,https://www.youtube.com/watch?v=sj_0447song,
Old Bengali Melody Gem 448 | Cultural Heritage Series,Various Artists,,279,music,old-bengali-melody,97.0,https://www.youtube.com/watch?v=sj_0448song,
Old Bengali Melody Gem 449 | Cultural Heritage Series,Various Artists,,288,music,old-bengali-melody,70.0,https://www.youtube.com/watch?v=sj_0449song,
Old Bengali Melody Gem 450 | Cultural Heritage Series,Various Artists,,297,music,old-bengali-melody,71.0,https://www.youtube.com/watch?v=sj_0450song,
Old Bengali Melody Gem 451 | Cultural Heritage Series,Various Artists,,306,music,old-bengali-melody,72.0,https://www.youtube.com/watch?v=sj_0451song,
Old Bengali Melody Gem 452 | Cultural Heritage Series,Various Artists,,315,music,old-bengali-melody,73.0,https://www.youtube.com/watch?v=sj_0452song,
Old Bengali Melody Gem 453 | Cultural Heritage Series,Various Artists,,324,music,old-bengali-melody,74.0,https://www.youtube.com/watch?v=sj_0453song,
Old Bengali Melody Gem 454 | Cultural Heritage Series,Various Artists,,333,music,old-bengali-melody,75.0,https://www.youtube.com/watch?v=sj_0454song,
Old Bengali Melody Gem 455 | Cultural Heritage Series,Various Artists,,342,music,old-bengali-melody,76.0,https://www.youtube.com/watch?v=sj_0455song,
Old Bengali Melody Gem 456 | Cultural Heritage Series,Various Artists,,351,music,old-bengali-melody,77.0,https://www.youtube.com/watch?v=sj_0456song,
Old Bengali Melody Gem 457 | Cultural Heritage Series,Various Artists,,180,music,old-bengali-melody,78.0,https://www.youtube.com/watch?v=sj_0457song,
Old Bengali Melody Gem 458 | Cultural Heritage Series,Various Artists,,189,music,old-bengali-melody,79.0,https://www.youtube.com/watch?v=sj_0458song,
Old Bengali Melody Gem 459 | Cultural Heritage Series,Various Artists,,198,music,old-bengali-melody,80.0,https://www.youtube.com/watch?v=sj_0459song,
Old Bengali Melody Gem 460 | Cultural Heritage Series,Various Artists,,207,music,old-bengali-melody,81.0,https://www.youtube.com/watch?v=sj_0460song,
Old Bengali Melody Gem 461 | Cultural Heritage Series,Various Artists,,216,music,old-bengali-melody,82.0,https://www.youtube.com/watch?v=sj_0461song,
Old Bengali Melody Gem 462 | Cultural Heritage Series,Various Artists,,225,music,old-bengali-melody,83.0,https://www.youtube.com/watch?v=sj_0462song,
Old Bengali Melody Gem 463 | Cultural Heritage Series,Various Artists,,234,music,old-bengali-melody,84.0,https://www.youtube.com/watch?v=sj_0463song,
Old Bengali Melody Gem 464 | Cultural Heritage Series,Various Artists,,243,music,old-bengali-melody,85.0,https://www.youtube.com/watch?v=sj_0464song,
Old Bengali Melody Gem 465 | Cultural Heritage Series,Various Artists,,252,music,old-bengali-melody,86.0,https://www.youtube.com/watch?v=sj_0465song,
Old Bengali Melody Gem 466 | Cultural Heritage Series,Various Artists,,261,music,old-bengali-melody,87.0,https://www.youtube.com/watch?v=sj_0466song,
Old Bengali Melody Gem 467 | Cultural Heritage Series,Various Artists,,270,music,old-bengali-melody,88.0,https://www.youtube.com/watch?v=sj_0467song,
Old Bengali Melody Gem 468 | Cultural Heritage Series,Various Artists,,279,music,old-bengali-melody,89.0,https://www.youtube.com/watch?v=sj_0468song,
Old Bengali Melody Gem 469 | Cultural Heritage Series,Various Artists,,288,music,old-bengali-melody,90.0,https://www.youtube.com/watch?v=sj_0469song,
Old Bengali Melody Gem 470 | Cultural Heritage Series,Various Artists,,297,music,old-bengali-melody,91.0,https://www.youtube.com/watch?v=sj_0470song,
Old Bengali Melody Gem 471 | Cultural Heritage Series,Various Artists,,306,music,old-bengali-melody,92.0,https://www.youtube.com/watch?v=sj_0471song,
Old Bengali Melody Gem 472 | Cultural Heritage Series,Various Artists,,315,music,old-bengali-melody,93.0,https://www.youtube.com/watch?v=sj_0472song,
Old Bengali Melody Gem 473 | Cultural Heritage Series,Various Artists,,324,music,old-bengali-melody,94.0,https://www.youtube.com/watch?v=sj_0473song,
Old Bengali Melody Gem 474 | Cultural Heritage Series,Various Artists,,333,music,old-bengali-melody,95.0,https://www.youtube.com/watch?v=sj_0474song,
Old Bengali Melody Gem 475 | Cultural Heritage Series,Various Artists,,342,music,old-bengali-melody,96.0,https://www.youtube.com/watch?v=sj_0475song,
Old Bengali Melody Gem 476 | Cultural Heritage Series,Various Artists,,351,music,old-bengali-melody,97.0,https://www.youtube.com/watch?v=sj_0476song,
Old Bengali Melody Gem 477 | Cultural Heritage Series,Various Artists,,180,music,old-bengali-melody,70.0,https://www.youtube.com/watch?v=sj_0477song,
Old Bengali Melody Gem 478 | Cultural Heritage Series,Various Artists,,189,music,old-bengali-melody,71.0,https://www.youtube.com/watch?v=sj_0478song,
Old Bengali Melody Gem 479 | Cultural Heritage Series,Various Artists,,198,music,old-bengali-melody,72.0,https://www.youtube.com/watch?v=sj_0479song,
Old Bengali Melody Gem 480 | Cultural Heritage Series,Various Artists,,207,music,old-bengali-melody,73.0,https://www.youtube.com/watch?v=sj_0480song,
Old Bengali Melody Gem 481 | Cultural Heritage Series,Various Artists,,216,music,old-bengali-melody,74.0,https://www.youtube.com/watch?v=sj_0481song,
Old Bengali Melody Gem 482 | Cultural Heritage Series,Various Artists,,225,music,old-bengali-melody,75.0,https://www.youtube.com/watch?v=sj_0482song,
Old Bengali Melody Gem 483 | Cultural Heritage Series,Various Artists,,234,music,old-bengali-melody,76.0,https://www.youtube.com/watch?v=sj_0483song,
Old Bengali Melody Gem 484 | Cultural Heritage Series,Various Artists,,243,music,old-bengali-melody,77.0,https://www.youtube.com/watch?v=sj_0484song,
Old Bengali Melody Gem 485 | Cultural Heritage Series,Various Artists,,252,music,old-bengali-melody,78.0,https://www.youtube.com/watch?v=sj_0485song,
Old Bengali Melody Gem 486 | Cultural Heritage Series,Various Artists,,261,music,old-bengali-melody,79.0,https://www.youtube.com/watch?v=sj_0486song,
Old Bengali Melody Gem 487 | Cultural Heritage Series,Various Artists,,270,music,old-bengali-melody,80.0,https://www.youtube.com/watch?v=sj_0487song,
Old Bengali Melody Gem 488 | Cultural Heritage Series,Various Artists,,279,music,old-bengali-melody,81.0,https://www.youtube.com/watch?v=sj_0488song,
Old Bengali Melody Gem 489 | Cultural Heritage Series,Various Artists,,288,music,old-bengali-melody,82.0,https://www.youtube.com/watch?v=sj_0489song,
Old Bengali Melody Gem 490 | Cultural Heritage Series,Various Artists,,297,music,old-bengali-melody,83.0,https://www.youtube.com/watch?v=sj_0490song,
Old Bengali Melody Gem 491 | Cultural Heritage Series,Various Artists,,306,music,old-bengali-melody,84.0,https://www.youtube.com/watch?v=sj_0491song,
Old Bengali Melody Gem 492 | Cultural Heritage Series,Various Artists,,315,music,old-bengali-melody,85.0,https://www.youtube.com/watch?v=sj_0492song,
Old Bengali Melody Gem 493 | Cultural Heritage Series,Various Artists,,324,music,old-bengali-melody,86.0,https://www.youtube.com/watch?v=sj_0493song,
Old Bengali Melody Gem 494 | Cultural Heritage Series,Various Artists,,333,music,old-bengali-melody,87.0,https://www.youtube.com/watch?v=sj_0494song,
Old Bengali Melody Gem 495 | Cultural Heritage Series,Various Artists,,342,music,old-bengali-melody,88.0,https://www.youtube.com/watch?v=sj_0495song,
Old Bengali Melody Gem 496 | Cultural Heritage Series,Various Artists,,351,music,old-bengali-melody,89.0,https://www.youtube.com/watch?v=sj_0496song,
Old Bengali Melody Gem 497 | Cultural Heritage Series,Various Artists,,180,music,old-bengali-melody,90.0,https://www.youtube.com/watch?v=sj_0497song,
Old Bengali Melody Gem 498 | Cultural Heritage Series,Various Artists,,189,music,old-bengali-melody,91.0,https://www.youtube.com/watch?v=sj_0498song,
Old Bengali Melody Gem 499 | Cultural Heritage Series,Various Artists,,198,music,old-bengali-melody,92.0,https://www.youtube.com/watch?v=sj_0499song,
Old Bengali Melody Gem 500 | Cultural Heritage Series,Various Artists,,207,music,old-bengali-melody,93.0,https://www.youtube.com/watch?v=sj_0500song,
Old Bengali Melody Gem 501 | Cultural Heritage Series,Various Artists,,216,music,old-bengali-melody,94.0,https://www.youtube.com/watch?v=sj_0501song,
Old Bengali Melody Gem 502 | Cultural Heritage Series,Various Artists,,225,music,old-bengali-melody,95.0,https://www.youtube.com/watch?v=sj_0502song,
Old Bengali Melody Gem 503 | Cultural Heritage Series,Various Artists,,234,music,old-bengali-melody,96.0,https://www.youtube.com/watch?v=sj_0503song,
Old Bengali Melody Gem 504 | Cultural Heritage Series,Various Artists,,243,music,old-bengali-melody,97.0,https://www.youtube.com/watch?v=sj_0504song,
Old Bengali Melody Gem 505 | Cultural Heritage Series,Various Artists,,252,music,old-bengali-melody,70.0,https://www.youtube.com/watch?v=sj_0505song,
Old Bengali Melody Gem 506 | Cultural Heritage Series,Various Artists,,261,music,old-bengali-melody,71.0,https://www.youtube.com/watch?v=sj_0506song,
Old Bengali Melody Gem 507 | Cultural Heritage Series,Various Artists,,270,music,old-bengali-melody,72.0,https://www.youtube.com/watch?v=sj_0507song,
Old Bengali Melody Gem 508 | Cultural Heritage Series,Various Artists,,279,music,old-bengali-melody,73.0,https://www.youtube.com/watch?v=sj_0508song,
Old Bengali Melody Gem 509 | Cultural Heritage Series,Various Artists,,288,music,old-bengali-melody,74.0,https://www.youtube.com/watch?v=sj_0509song,
Old Bengali Melody Gem 510 | Cultural Heritage Series,Various Artists,,297,music,old-bengali-melody,75.0,https://www.youtube.com/watch?v=sj_0510song,
Old Bengali Melody Gem 511 | Cultural Heritage Series,Various Artists,,306,music,old-bengali-melody,76.0,https://www.youtube.com/watch?v=sj_0511song,
Old Bengali Melody Gem 512 | Cultural Heritage Series,Various Artists,,315,music,old-bengali-melody,77.0,https://www.youtube.com/watch?v=sj_0512song,
Old Bengali Melody Gem 513 | Cultural Heritage Series,Various Artists,,324,music,old-bengali-melody,78.0,https://www.youtube.com/watch?v=sj_0513song,
Old Bengali Melody Gem 514 | Cultural Heritage Series,Various Artists,,333,music,old-bengali-melody,79.0,https://www.youtube.com/watch?v=sj_0514song,
Old Bengali Melody Gem 515 | Cultural Heritage Series,Various Artists,,342,music,old-bengali-melody,80.0,https://www.youtube.com/watch?v=sj_0515song,
Old Bengali Melody Gem 516 | Cultural Heritage Series,Various Artists,,351,music,old-bengali-melody,81.0,https://www.youtube.com/watch?v=sj_0516song,
Old Bengali Melody Gem 517 | Cultural Heritage Series,Various Artists,,180,music,old-bengali-melody,82.0,https://www.youtube.com/watch?v=sj_0517song,
Old Bengali Melody Gem 518 | Cultural Heritage Series,Various Artists,,189,music,old-bengali-melody,83.0,https://www.youtube.com/watch?v=sj_0518song,
Old Bengali Melody Gem 519 | Cultural Heritage Series,Various Artists,,198,music,old-bengali-melody,84.0,https://www.youtube.com/watch?v=sj_0519song,
Old Bengali Melody Gem 520 | Cultural Heritage Series,Various Artists,,207,music,old-bengali-melody,85.0,https://www.youtube.com/watch?v=sj_0520song,
Old Bengali Melody Gem 521 | Cultural Heritage Series,Various Artists,,216,music,old-bengali-melody,86.0,https://www.youtube.com/watch?v=sj_0521song,
Old Bengali Melody Gem 522 | Cultural Heritage Series,Various Artists,,225,music,old-bengali-melody,87.0,https://www.youtube.com/watch?v=sj_0522song,
Old Bengali Melody Gem 523 | Cultural Heritage Series,Various Artists,,234,music,old-bengali-melody,88.0,https://www.youtube.com/watch?v=sj_0523song,
Old Bengali Melody Gem 524 | Cultural Heritage Series,Various Artists,,243,music,old-bengali-melody,89.0,https://www.youtube.com/watch?v=sj_0524song,
Old Bengali Melody Gem 525 | Cultural Heritage Series,Various Artists,,252,music,old-bengali-melody,90.0,https://www.youtube.com/watch?v=sj_0525song,
Old Bengali Melody Gem 526 | Cultural Heritage Series,Various Artists,,261,music,old-bengali-melody,91.0,https://www.youtube.com/watch?v=sj_0526song,
Old Bengali Melody Gem 527 | Cultural Heritage Series,Various Artists,,270,music,old-bengali-melody,92.0,https://www.youtube.com/watch?v=sj_0527song,
Old Bengali Melody Gem 528 | Cultural Heritage Series,Various Artists,,279,music,old-bengali-melody,93.0,https://www.youtube.com/watch?v=sj_0528song,
Old Bengali Melody Gem 529 | Cultural Heritage Series,Various Artists,,288,music,old-bengali-melody,94.0,https://www.youtube.com/watch?v=sj_0529song,
Old Bengali Melody Gem 530 | Cultural Heritage Series,Various Artists,,297,music,old-bengali-melody,95.0,https://www.youtube.com/watch?v=sj_0530song,
Old Bengali Melody Gem 531 | Cultural Heritage Series,Various Artists,,306,music,old-bengali-melody,96.0,https://www.youtube.com/watch?v=sj_0531song,
Old Bengali Melody Gem 532 | Cultural Heritage Series,Various Artists,,315,music,old-bengali-melody,97.0,https://www.youtube.com/watch?v=sj_0532song,
Old Bengali Melody Gem 533 | Cultural Heritage Series,Various Artists,,324,music,old-bengali-melody,70.0,https://www.youtube.com/watch?v=sj_0533song,
Old Bengali Melody Gem 534 | Cultural Heritage Series,Various Artists,,333,music,old-bengali-melody,71.0,https://www.youtube.com/watch?v=sj_0534song,
Old Bengali Melody Gem 535 | Cultural Heritage Series,Various Artists,,342,music,old-bengali-melody,72.0,https://www.youtube.com/watch?v=sj_0535song,
Modern Bengali Gem 536 | Cultural Heritage Series,Various Artists,,180,music,modern-bengali,70.0,https://www.youtube.com/watch?v=sj_0536song,
Modern Bengali Gem 537 | Cultural Heritage Series,Various Artists,,189,music,modern-bengali,71.0,https://www.youtube.com/watch?v=sj_0537song,
Modern Bengali Gem 538 | Cultural Heritage Series,Various Artists,,198,music,modern-bengali,72.0,https://www.youtube.com/watch?v=sj_0538song,
Modern Bengali Gem 539 | Cultural Heritage Series,Various Artists,,207,music,modern-bengali,73.0,https://www.youtube.com/watch?v=sj_0539song,
Modern Bengali Gem 540 | Cultural Heritage Series,Various Artists,,216,music,modern-bengali,74.0,https://www.youtube.com/watch?v=sj_0540song,
Modern Bengali Gem 541 | Cultural Heritage Series,Various Artists,,225,music,modern-bengali,75.0,https://www.youtube.com/watch?v=sj_0541song,
Modern Bengali Gem 542 | Cultural Heritage Series,Various Artists,,234,music,modern-bengali,76.0,https://www.youtube.com/watch?v=sj_0542song,
Modern Bengali Gem 543 | Cultural Heritage Series,Various Artists,,243,music,modern-bengali,77.0,https://www.youtube.com/watch?v=sj_0543song,
Modern Bengali Gem 544 | Cultural Heritage Series,Various Artists,,252,music,modern-bengali,78.0,https://www.youtube.com/watch?v=sj_0544song,
Modern Bengali Gem 545 | Cultural Heritage Series,Various Artists,,261,music,modern-bengali,79.0,https://www.youtube.com/watch?v=sj_0545song,
Modern Bengali Gem 546 | Cultural Heritage Series,Various Artists,,270,music,modern-bengali,80.0,https://www.youtube.com/watch?v=sj_0546song,
Modern Bengali Gem 547 | Cultural Heritage Series,Various Artists,,279,music,modern-bengali,81.0,https://www.youtube.com/watch?v=sj_0547song,
Modern Bengali Gem 548 | Cultural Heritage Series,Various Artists,,288,music,modern-bengali,82.0,https://www.youtube.com/watch?v=sj_0548song,
Modern Bengali Gem 549 | Cultural Heritage Series,Various Artists,,297,music,modern-bengali,83.0,https://www.youtube.com/watch?v=sj_0549song,
Modern Bengali Gem 550 | Cultural Heritage Series,Various Artists,,306,music,modern-bengali,84.0,https://www.youtube.com/watch?v=sj_0550song,
Modern Bengali Gem 551 | Cultural Heritage Series,Various Artists,,315,music,modern-bengali,85.0,https://www.youtube.com/watch?v=sj_0551song,
Modern Bengali Gem 552 | Cultural Heritage Series,Various Artists,,324,music,modern-bengali,86.0,https://www.youtube.com/watch?v=sj_0552song,
Modern Bengali Gem 553 | Cultural Heritage Series,Various Artists,,333,music,modern-bengali,87.0,https://www.youtube.com/watch?v=sj_0553song,
Modern Bengali Gem 554 | Cultural Heritage Series,Various Artists,,342,music,modern-bengali,88.0,https://www.youtube.com/watch?v=sj_0554song,
Modern Bengali Gem 555 | Cultural Heritage Series,Various Artists,,351,music,modern-bengali,89.0,https://www.youtube.com/watch?v=sj_0555song,
Modern Bengali Gem 556 | Cultural Heritage Series,Various Artists,,180,music,modern-bengali,90.0,https://www.youtube.com/watch?v=sj_0556song,
Modern Bengali Gem 557 | Cultural Heritage Series,Various Artists,,189,music,modern-bengali,91.0,https://www.youtube.com/watch?v=sj_0557song,
Modern Bengali Gem 558 | Cultural Heritage Series,Various Artists,,198,music,modern-bengali,92.0,https://www.youtube.com/watch?v=sj_0558song,
Modern Bengali Gem 559 | Cultural Heritage Series,Various Artists,,207,music,modern-bengali,93.0,https://www.youtube.com/watch?v=sj_0559song,
Modern Bengali Gem 560 | Cultural Heritage Series,Various Artists,,216,music,modern-bengali,94.0,https://www.youtube.com/watch?v=sj_0560song,
Modern Bengali Gem 561 | Cultural Heritage Series,Various Artists,,225,music,modern-bengali,95.0,https://www.youtube.com/watch?v=sj_0561song,
Modern Bengali Gem 562 | Cultural Heritage Series,Various Artists,,234,music,modern-bengali,96.0,https://www.youtube.com/watch?v=sj_0562song,
Modern Bengali Gem 563 | Cultural Heritage Series,Various Artists,,243,music,modern-bengali,97.0,https://www.youtube.com/watch?v=sj_0563song,
Modern Bengali Gem 564 | Cultural Heritage Series,Various Artists,,252,music,modern-bengali,70.0,https://www.youtube.com/watch?v=sj_0564song,
Modern Bengali Gem 565 | Cultural Heritage Series,Various Artists,,261,music,modern-bengali,71.0,https://www.youtube.com/watch?v=sj_0565song,
Modern Bengali Gem 566 | Cultural Heritage Series,Various Artists,,270,music,modern-bengali,72.0,https://www.youtube.com/watch?v=sj_0566song,
Modern Bengali Gem 567 | Cultural Heritage Series,Various Artists,,279,music,modern-bengali,73.0,https://www.youtube.com/watch?v=sj_0567song,
Modern Bengali Gem 568 | Cultural Heritage Series,Various Artists,,288,music,modern-bengali,74.0,https://www.youtube.com/watch?v=sj_0568song,
Modern Bengali Gem 569 | Cultural Heritage Series,Various Artists,,297,music,modern-bengali,75.0,https://www.youtube.com/watch?v=sj_0569song,
Modern Bengali Gem 570 | Cultural Heritage Series,Various Artists,,306,music,modern-bengali,76.0,https://www.youtube.com/watch?v=sj_0570song,
Modern Bengali Gem 571 | Cultural Heritage Series,Various Artists,,315,music,modern-bengali,77.0,https://www.youtube.com/watch?v=sj_0571song,
Modern Bengali Gem 572 | Cultural Heritage Series,Various Artists,,324,music,modern-bengali,78.0,https://www.youtube.com/watch?v=sj_0572song,
Modern Bengali Gem 573 | Cultural Heritage Series,Various Artists,,333,music,modern-bengali,79.0,https://www.youtube.com/watch?v=sj_0573song,
Modern Bengali Gem 574 | Cultural Heritage Series,Various Artists,,342,music,modern-bengali,80.0,https://www.youtube.com/watch?v=sj_0574song,
Modern Bengali Gem 575 | Cultural Heritage Series,Various Artists,,351,music,modern-bengali,81.0,https://www.youtube.com/watch?v=sj_0575song,
Modern Bengali Gem 576 | Cultural Heritage Series,Various Artists,,180,music,modern-bengali,82.0,https://www.youtube.com/watch?v=sj_0576song,
Modern Bengali Gem 577 | Cultural Heritage Series,Various Artists,,189,music,modern-bengali,83.0,https://www.youtube.com/watch?v=sj_0577song,
Modern Bengali Gem 578 | Cultural Heritage Series,Various Artists,,198,music,modern-bengali,84.0,https://www.youtube.com/watch?v=sj_0578song,
Modern Bengali Gem 579 | Cultural Heritage Series,Various Artists,,207,music,modern-bengali,85.0,https://www.youtube.com/watch?v=sj_0579song,
Modern Bengali Gem 580 | Cultural Heritage Series,Various Artists,,216,music,modern-bengali,86.0,https://www.youtube.com/watch?v=sj_0580song,
Modern Bengali Gem 581 | Cultural Heritage Series,Various Artists,,225,music,modern-bengali,87.0,https://www.youtube.com/watch?v=sj_0581song,
Modern Bengali Gem 582 | Cultural Heritage Series,Various Artists,,234,music,modern-bengali,88.0,https://www.youtube.com/watch?v=sj_0582song,
Modern Bengali Gem 583 | Cultural Heritage Series,Various Artists,,243,music,modern-bengali,89.0,https://www.youtube.com/watch?v=sj_0583song,
Modern Bengali Gem 584 | Cultural Heritage Series,Various Artists,,252,music,modern-bengali,90.0,https://www.youtube.com/watch?v=sj_0584song,
Modern Bengali Gem 585 | Cultural Heritage Series,Various Artists,,261,music,modern-bengali,91.0,https://www.youtube.com/watch?v=sj_0585song,
Modern Bengali Gem 586 | Cultural Heritage Series,Various Artists,,270,music,modern-bengali,92.0,https://www.youtube.com/watch?v=sj_0586song,
Modern Bengali Gem 587 | Cultural Heritage Series,Various Artists,,279,music,modern-bengali,93.0,https://www.youtube.com/watch?v=sj_0587song,
Modern Bengali Gem 588 | Cultural Heritage Series,Various Artists,,288,music,modern-bengali,94.0,https://www.youtube.com/watch?v=sj_0588song,
Modern Bengali Gem 589 | Cultural Heritage Series,Various Artists,,297,music,modern-bengali,95.0,https://www.youtube.com/watch?v=sj_0589song,
Modern Bengali Gem 590 | Cultural Heritage Series,Various Artists,,306,music,modern-bengali,96.0,https://www.youtube.com/watch?v=sj_0590song,
Modern Bengali Gem 591 | Cultural Heritage Series,Various Artists,,315,music,modern-bengali,97.0,https://www.youtube.com/watch?v=sj_0591song,
Modern Bengali Gem 592 | Cultural Heritage Series,Various Artists,,324,music,modern-bengali,70.0,https://www.youtube.com/watch?v=sj_0592song,
Modern Bengali Gem 593 | Cultural Heritage Series,Various Artists,,333,music,modern-bengali,71.0,https://www.youtube.com/watch?v=sj_0593song,
Modern Bengali Gem 594 | Cultural Heritage Series,Various Artists,,342,music,modern-bengali,72.0,https://www.youtube.com/watch?v=sj_0594song,
Modern Bengali Gem 595 | Cultural Heritage Series,Various Artists,,351,music,modern-bengali,73.0,https://www.youtube.com/watch?v=sj_0595song,
Modern Bengali Gem 596 | Cultural Heritage Series,Various Artists,,180,music,modern-bengali,74.0,https://www.youtube.com/watch?v=sj_0596song,
Modern Bengali Gem 597 | Cultural Heritage Series,Various Artists,,189,music,modern-bengali,75.0,https://www.youtube.com/watch?v=sj_0597song,
Modern Bengali Gem 598 | Cultural Heritage Series,Various Artists,,198,music,modern-bengali,76.0,https://www.youtube.com/watch?v=sj_0598song,
Modern Bengali Gem 599 | Cultural Heritage Series,Various Artists,,207,music,modern-bengali,77.0,https://www.youtube.com/watch?v=sj_0599song,
Modern Bengali Gem 600 | Cultural Heritage Series,Various Artists,,216,music,modern-bengali,78.0,https://www.youtube.com/watch?v=sj_0600song,
Modern Bengali Gem 601 | Cultural Heritage Series,Various Artists,,225,music,modern-bengali,79.0,https://www.youtube.com/watch?v=sj_0601song,
Modern Bengali Gem 602 | Cultural Heritage Series,Various Artists,,234,music,modern-bengali,80.0,https://www.youtube.com/watch?v=sj_0602song,
Modern Bengali Gem 603 | Cultural Heritage Series,Various Artists,,243,music,modern-bengali,81.0,https://www.youtube.com/watch?v=sj_0603song,
Modern Bengali Gem 604 | Cultural Heritage Series,Various Artists,,252,music,modern-bengali,82.0,https://www.youtube.com/watch?v=sj_0604song,
Modern Bengali Gem 605 | Cultural Heritage Series,Various Artists,,261,music,modern-bengali,83.0,https://www.youtube.com/watch?v=sj_0605song,
Modern Bengali Gem 606 | Cultural Heritage Series,Various Artists,,270,music,modern-bengali,84.0,https://www.youtube.com/watch?v=sj_0606song,
Modern Bengali Gem 607 | Cultural Heritage Series,Various Artists,,279,music,modern-bengali,85.0,https://www.youtube.com/watch?v=sj_0607song,
Modern Bengali Gem 608 | Cultural Heritage Series,Various Artists,,288,music,modern-bengali,86.0,https://www.youtube.com/watch?v=sj_0608song,
Modern Bengali Gem 609 | Cultural Heritage Series,Various Artists,,297,music,modern-bengali,87.0,https://www.youtube.com/watch?v=sj_0609song,
Modern Bengali Gem 610 | Cultural Heritage Series,Various Artists,,306,music,modern-bengali,88.0,https://www.youtube.com/watch?v=sj_0610song,
Modern Bengali Gem 611 | Cultural Heritage Series,Various Artists,,315,music,modern-bengali,89.0,https://www.youtube.com/watch?v=sj_0611song,
Modern Bengali Gem 612 | Cultural Heritage Series,Various Artists,,324,music,modern-bengali,90.0,https://www.youtube.com/watch?v=sj_0612song,
Modern Bengali Gem 613 | Cultural Heritage Series,Various Artists,,333,music,modern-bengali,91.0,https://www.youtube.com/watch?v=sj_0613song,
Modern Bengali Gem 614 | Cultural Heritage Series,Various Artists,,342,music,modern-bengali,92.0,https://www.youtube.com/watch?v=sj_0614song,
Modern Bengali Gem 615 | Cultural Heritage Series,Various Artists,,351,music,modern-bengali,93.0,https://www.youtube.com/watch?v=sj_0615song,
Modern Bengali Gem 616 | Cultural Heritage Series,Various Artists,,180,music,modern-bengali,94.0,https://www.youtube.com/watch?v=sj_0616song,
Modern Bengali Gem 617 | Cultural Heritage Series,Various Artists,,189,music,modern-bengali,95.0,https://www.youtube.com/watch?v=sj_0617song,
Modern Bengali Gem 618 | Cultural Heritage Series,Various Artists,,198,music,modern-bengali,96.0,https://www.youtube.com/watch?v=sj_0618song,
Modern Bengali Gem 619 | Cultural Heritage Series,Various Artists,,207,music,modern-bengali,97.0,https://www.youtube.com/watch?v=sj_0619song,
Modern Bengali Gem 620 | Cultural Heritage Series,Various Artists,,216,music,modern-bengali,70.0,https://www.youtube.com/watch?v=sj_0620song,
Modern Bengali Gem 621 | Cultural Heritage Series,Various Artists,,225,music,modern-bengali,71.0,https://www.youtube.com/watch?v=sj_0621song,
Modern Bengali Gem 622 | Cultural Heritage Series,Various Artists,,234,music,modern-bengali,72.0,https://www.youtube.com/watch?v=sj_0622song,
Modern Bengali Gem 623 | Cultural Heritage Series,Various Artists,,243,music,modern-bengali,73.0,https://www.youtube.com/watch?v=sj_0623song,
Modern Bengali Gem 624 | Cultural Heritage Series,Various Artists,,252,music,modern-bengali,74.0,https://www.youtube.com/watch?v=sj_0624song,
Modern Bengali Gem 625 | Cultural Heritage Series,Various Artists,,261,music,modern-bengali,75.0,https://www.youtube.com/watch?v=sj_0625song,
Modern Bengali Gem 626 | Cultural Heritage Series,Various Artists,,270,music,modern-bengali,76.0,https://www.youtube.com/watch?v=sj_0626song,
Modern Bengali Gem 627 | Cultural Heritage Series,Various Artists,,279,music,modern-bengali,77.0,https://www.youtube.com/watch?v=sj_0627song,
Modern Bengali Gem 628 | Cultural Heritage Series,Various Artists,,288,music,modern-bengali,78.0,https://www.youtube.com/watch?v=sj_0628song,
Modern Bengali Gem 629 | Cultural Heritage Series,Various Artists,,297,music,modern-bengali,79.0,https://www.youtube.com/watch?v=sj_0629song,
Modern Bengali Gem 630 | Cultural Heritage Series,Various Artists,,306,music,modern-bengali,80.0,https://www.youtube.com/watch?v=sj_0630song,
Modern Bengali Gem 631 | Cultural Heritage Series,Various Artists,,315,music,modern-bengali,81.0,https://www.youtube.com/watch?v=sj_0631song,
Modern Bengali Gem 632 | Cultural Heritage Series,Various Artists,,324,music,modern-bengali,82.0,https://www.youtube.com/watch?v=sj_0632song,
Modern Bengali Gem 633 | Cultural Heritage Series,Various Artists,,333,music,modern-bengali,83.0,https://www.youtube.com/watch?v=sj_0633song,
Modern Bengali Gem 634 | Cultural Heritage Series,Various Artists,,342,music,modern-bengali,84.0,https://www.youtube.com/watch?v=sj_0634song,
Modern Bengali Gem 635 | Cultural Heritage Series,Various Artists,,351,music,modern-bengali,85.0,https://www.youtube.com/watch?v=sj_0635song,
Modern Bengali Gem 636 | Cultural Heritage Series,Various Artists,,180,music,modern-bengali,86.0,https://www.youtube.com/watch?v=sj_0636song,
Modern Bengali Gem 637 | Cultural Heritage Series,Various Artists,,189,music,modern-bengali,87.0,https://www.youtube.com/watch?v=sj_0637song,
Modern Bengali Gem 638 | Cultural Heritage Series,Various Artists,,198,music,modern-bengali,88.0,https://www.youtube.com/watch?v=sj_0638song,
Modern Bengali Gem 639 | Cultural Heritage Series,Various Artists,,207,music,modern-bengali,89.0,https://www.youtube.com/watch?v=sj_0639song,
Modern Bengali Gem 640 | Cultural Heritage Series,Various Artists,,216,music,modern-bengali,90.0,https://www.youtube.com/watch?v=sj_0640song,
Modern Bengali Gem 641 | Cultural Heritage Series,Various Artists,,225,music,modern-bengali,91.0,https://www.youtube.com/watch?v=sj_0641song,
Modern Bengali Gem 642 | Cultural Heritage Series,Various Artists,,234,music,modern-bengali,92.0,https://www.youtube.com/watch?v=sj_0642song,
Modern Bengali Gem 643 | Cultural Heritage Series,Various Artists,,243,music,modern-bengali,93.0,https://www.youtube.com/watch?v=sj_0643song,
Modern Bengali Gem 644 | Cultural Heritage Series,Various Artists,,252,music,modern-bengali,94.0,https://www.youtube.com/watch?v=sj_0644song,
Modern Bengali Gem 645 | Cultural Heritage Series,Various Artists,,261,music,modern-bengali,95.0,https://www.youtube.com/watch?v=sj_0645song,
Modern Bengali Gem 646 | Cultural Heritage Series,Various Artists,,270,music,modern-bengali,96.0,https://www.youtube.com/watch?v=sj_0646song,
Modern Bengali Gem 647 | Cultural Heritage Series,Various Artists,,279,music,modern-bengali,97.0,https://www.youtube.com/watch?v=sj_0647song,
Modern Bengali Gem 648 | Cultural Heritage Series,Various Artists,,288,music,modern-bengali,70.0,https://www.youtube.com/watch?v=sj_0648song,
Modern Bengali Gem 649 | Cultural Heritage Series,Various Artists,,297,music,modern-bengali,71.0,https://www.youtube.com/watch?v=sj_0649song,
Modern Bengali Gem 650 | Cultural Heritage Series,Various Artists,,306,music,modern-bengali,72.0,https://www.youtube.com/watch?v=sj_0650song,
Modern Bengali Gem 651 | Cultural Heritage Series,Various Artists,,315,music,modern-bengali,73.0,https://www.youtube.com/watch?v=sj_0651song,
Modern Bengali Gem 652 | Cultural Heritage Series,Various Artists,,324,music,modern-bengali,74.0,https://www.youtube.com/watch?v=sj_0652song,
Modern Bengali Gem 653 | Cultural Heritage Series,Various Artists,,333,music,modern-bengali,75.0,https://www.youtube.com/watch?v=sj_0653song,
Modern Bengali Gem 654 | Cultural Heritage Series,Various Artists,,342,music,modern-bengali,76.0,https://www.youtube.com/watch?v=sj_0654song,
Modern Bengali Gem 655 | Cultural Heritage Series,Various Artists,,351,music,modern-bengali,77.0,https://www.youtube.com/watch?v=sj_0655song,
Modern Bengali Gem 656 | Cultural Heritage Series,Various Artists,,180,music,modern-bengali,78.0,https://www.youtube.com/watch?v=sj_0656song,
Modern Bengali Gem 657 | Cultural Heritage Series,Various Artists,,189,music,modern-bengali,79.0,https://www.youtube.com/watch?v=sj_0657song,
Modern Bengali Gem 658 | Cultural Heritage Series,Various Artists,,198,music,modern-bengali,80.0,https://www.youtube.com/watch?v=sj_0658song,
Modern Bengali Gem 659 | Cultural Heritage Series,Various Artists,,207,music,modern-bengali,81.0,https://www.youtube.com/watch?v=sj_0659song,
Modern Bengali Gem 660 | Cultural Heritage Series,Various Artists,,216,music,modern-bengali,82.0,https://www.youtube.com/watch?v=sj_0660song,
Modern Bengali Gem 661 | Cultural Heritage Series,Various Artists,,225,music,modern-bengali,83.0,https://www.youtube.com/watch?v=sj_0661song,
Modern Bengali Gem 662 | Cultural Heritage Series,Various Artists,,234,music,modern-bengali,84.0,https://www.youtube.com/watch?v=sj_0662song,
Modern Bengali Gem 663 | Cultural Heritage Series,Various Artists,,243,music,modern-bengali,85.0,https://www.youtube.com/watch?v=sj_0663song,
Modern Bengali Gem 664 | Cultural Heritage Series,Various Artists,,252,music,modern-bengali,86.0,https://www.youtube.com/watch?v=sj_0664song,
Modern Bengali Gem 665 | Cultural Heritage Series,Various Artists,,261,music,modern-bengali,87.0,https://www.youtube.com/watch?v=sj_0665song,
Modern Bengali Gem 666 | Cultural Heritage Series,Various Artists,,270,music,modern-bengali,88.0,https://www.youtube.com/watch?v=sj_0666song,
Modern Bengali Gem 667 | Cultural Heritage Series,Various Artists,,279,music,modern-bengali,89.0,https://www.youtube.com/watch?v=sj_0667song,
Modern Bengali Gem 668 | Cultural Heritage Series,Various Artists,,288,music,modern-bengali,90.0,https://www.youtube.com/watch?v=sj_0668song,
Modern Bengali Gem 669 | Cultural Heritage Series,Various Artists,,297,music,modern-bengali,91.0,https://www.youtube.com/watch?v=sj_0669song,
Modern Bengali Gem 670 | Cultural Heritage Series,Various Artists,,306,music,modern-bengali,92.0,https://www.youtube.com/watch?v=sj_0670song,
Modern Bengali Gem 671 | Cultural Heritage Series,Various Artists,,315,music,modern-bengali,93.0,https://www.youtube.com/watch?v=sj_0671song,
Modern Bengali Gem 672 | Cultural Heritage Series,Various Artists,,324,music,modern-bengali,94.0,https://www.youtube.com/watch?v=sj_0672song,
Modern Bengali Gem 673 | Cultural Heritage Series,Various Artists,,333,music,modern-bengali,95.0,https://www.youtube.com/watch?v=sj_0673song,
Modern Bengali Gem 674 | Cultural Heritage Series,Various Artists,,342,music,modern-bengali,96.0,https://www.youtube.com/watch?v=sj_0674song,
Modern Bengali Gem 675 | Cultural Heritage Series,Various Artists,,351,music,modern-bengali,97.0,https://www.youtube.com/watch?v=sj_0675song,
Modern Bengali Gem 676 | Cultural Heritage Series,Various Artists,,180,music,modern-bengali,70.0,https://www.youtube.com/watch?v=sj_0676song,
Modern Bengali Gem 677 | Cultural Heritage Series,Various Artists,,189,music,modern-bengali,71.0,https://www.youtube.com/watch?v=sj_0677song,
Modern Bengali Gem 678 | Cultural Heritage Series,Various Artists,,198,music,modern-bengali,72.0,https://www.youtube.com/watch?v=sj_0678song,
Modern Bengali Gem 679 | Cultural Heritage Series,Various Artists,,207,music,modern-bengali,73.0,https://www.youtube.com/watch?v=sj_0679song,
Modern Bengali Gem 680 | Cultural Heritage Series,Various Artists,,216,music,modern-bengali,74.0,https://www.youtube.com/watch?v=sj_0680song,
Modern Bengali Gem 681 | Cultural Heritage Series,Various Artists,,225,music,modern-bengali,75.0,https://www.youtube.com/watch?v=sj_0681song,
Modern Bengali Gem 682 | Cultural Heritage Series,Various Artists,,234,music,modern-bengali,76.0,https://www.youtube.com/watch?v=sj_0682song,
Modern Bengali Gem 683 | Cultural Heritage Series,Various Artists,,243,music,modern-bengali,77.0,https://www.youtube.com/watch?v=sj_0683song,
Modern Bengali Gem 684 | Cultural Heritage Series,Various Artists,,252,music,modern-bengali,78.0,https://www.youtube.com/watch?v=sj_0684song,
Modern Bengali Gem 685 | Cultural Heritage Series,Various Artists,,261,music,modern-bengali,79.0,https://www.youtube.com/watch?v=sj_0685song,
Modern Bengali Gem 686 | Cultural Heritage Series,Various Artists,,270,music,modern-bengali,80.0,https://www.youtube.com/watch?v=sj_0686song,
Modern Bengali Gem 687 | Cultural Heritage Series,Various Artists,,279,music,modern-bengali,81.0,https://www.youtube.com/watch?v=sj_0687song,
Modern Bengali Gem 688 | Cultural Heritage Series,Various Artists,,288,music,modern-bengali,82.0,https://www.youtube.com/watch?v=sj_0688song,
Modern Bengali Gem 689 | Cultural Heritage Series,Various Artists,,297,music,modern-bengali,83.0,https://www.youtube.com/watch?v=sj_0689song,
Modern Bengali Gem 690 | Cultural Heritage Series,Various Artists,,306,music,modern-bengali,84.0,https://www.youtube.com/watch?v=sj_0690song,
Modern Bengali Gem 691 | Cultural Heritage Series,Various Artists,,315,music,modern-bengali,85.0,https://www.youtube.com/watch?v=sj_0691song,
Modern Bengali Gem 692 | Cultural Heritage Series,Various Artists,,324,music,modern-bengali,86.0,https://www.youtube.com/watch?v=sj_0692song,
Modern Bengali Gem 693 | Cultural Heritage Series,Various Artists,,333,music,modern-bengali,87.0,https://www.youtube.com/watch?v=sj_0693song,
Modern Bengali Gem 694 | Cultural Heritage Series,Various Artists,,342,music,modern-bengali,88.0,https://www.youtube.com/watch?v=sj_0694song,
Modern Bengali Gem 695 | Cultural Heritage Series,Various Artists,,351,music,modern-bengali,89.0,https://www.youtube.com/watch?v=sj_0695song,
Modern Bengali Gem 696 | Cultural Heritage Series,Various Artists,,180,music,modern-bengali,90.0,https://www.youtube.com/watch?v=sj_0696song,
Modern Bengali Gem 697 | Cultural Heritage Series,Various Artists,,189,music,modern-bengali,91.0,https://www.youtube.com/watch?v=sj_0697song,
Modern Bengali Gem 698 | Cultural Heritage Series,Various Artists,,198,music,modern-bengali,92.0,https://www.youtube.com/watch?v=sj_0698song,
Modern Bengali Gem 699 | Cultural Heritage Series,Various Artists,,207,music,modern-bengali,93.0,https://www.youtube.com/watch?v=sj_0699song,
Modern Bengali Gem 700 | Cultural Heritage Series,Various Artists,,216,music,modern-bengali,94.0,https://www.youtube.com/watch?v=sj_0700song,
Modern Bengali Gem 701 | Cultural Heritage Series,Various Artists,,225,music,modern-bengali,95.0,https://www.youtube.com/watch?v=sj_0701song,
Modern Bengali Gem 702 | Cultural Heritage Series,Various Artists,,234,music,modern-bengali,96.0,https://www.youtube.com/watch?v=sj_0702song,
Modern Bengali Gem 703 | Cultural Heritage Series,Various Artists,,243,music,modern-bengali,97.0,https://www.youtube.com/watch?v=sj_0703song,
Modern Bengali Gem 704 | Cultural Heritage Series,Various Artists,,252,music,modern-bengali,70.0,https://www.youtube.com/watch?v=sj_0704song,
Modern Bengali Gem 705 | Cultural Heritage Series,Various Artists,,261,music,modern-bengali,71.0,https://www.youtube.com/watch?v=sj_0705song,
Modern Bengali Gem 706 | Cultural Heritage Series,Various Artists,,270,music,modern-bengali,72.0,https://www.youtube.com/watch?v=sj_0706song,
Modern Bengali Gem 707 | Cultural Heritage Series,Various Artists,,279,music,modern-bengali,73.0,https://www.youtube.com/watch?v=sj_0707song,
Modern Bengali Gem 708 | Cultural Heritage Series,Various Artists,,288,music,modern-bengali,74.0,https://www.youtube.com/watch?v=sj_0708song,
Modern Bengali Gem 709 | Cultural Heritage Series,Various Artists,,297,music,modern-bengali,75.0,https://www.youtube.com/watch?v=sj_0709song,
Modern Bengali Gem 710 | Cultural Heritage Series,Various Artists,,306,music,modern-bengali,76.0,https://www.youtube.com/watch?v=sj_0710song,
Modern Bengali Gem 711 | Cultural Heritage Series,Various Artists,,315,music,modern-bengali,77.0,https://www.youtube.com/watch?v=sj_0711song,
Modern Bengali Gem 712 | Cultural Heritage Series,Various Artists,,324,music,modern-bengali,78.0,https://www.youtube.com/watch?v=sj_0712song,
Modern Bengali Gem 713 | Cultural Heritage Series,Various Artists,,333,music,modern-bengali,79.0,https://www.youtube.com/watch?v=sj_0713song,
Modern Bengali Gem 714 | Cultural Heritage Series,Various Artists,,342,music,modern-bengali,80.0,https://www.youtube.com/watch?v=sj_0714song,
Modern Bengali Gem 715 | Cultural Heritage Series,Various Artists,,351,music,modern-bengali,81.0,https://www.youtube.com/watch?v=sj_0715song,
Bollywood Melody Gem 716 | Cultural Heritage Series,Various Artists,,180,music,bollywood-melody,70.0,https://www.youtube.com/watch?v=sj_0716song,
Bollywood Melody Gem 717 | Cultural Heritage Series,Various Artists,,189,music,bollywood-melody,71.0,https://www.youtube.com/watch?v=sj_0717song,
Bollywood Melody Gem 718 | Cultural Heritage Series,Various Artists,,198,music,bollywood-melody,72.0,https://www.youtube.com/watch?v=sj_0718song,
Bollywood Melody Gem 719 | Cultural Heritage Series,Various Artists,,207,music,bollywood-melody,73.0,https://www.youtube.com/watch?v=sj_0719song,
Bollywood Melody Gem 720 | Cultural Heritage Series,Various Artists,,216,music,bollywood-melody,74.0,https://www.youtube.com/watch?v=sj_0720song,
Bollywood Melody Gem 721 | Cultural Heritage Series,Various Artists,,225,music,bollywood-melody,75.0,https://www.youtube.com/watch?v=sj_0721song,
Bollywood Melody Gem 722 | Cultural Heritage Series,Various Artists,,234,music,bollywood-melody,76.0,https://www.youtube.com/watch?v=sj_0722song,
Bollywood Melody Gem 723 | Cultural Heritage Series,Various Artists,,243,music,bollywood-melody,77.0,https://www.youtube.com/watch?v=sj_0723song,
Bollywood Melody Gem 724 | Cultural Heritage Series,Various Artists,,252,music,bollywood-melody,78.0,https://www.youtube.com/watch?v=sj_0724song,
Bollywood Melody Gem 725 | Cultural Heritage Series,Various Artists,,261,music,bollywood-melody,79.0,https://www.youtube.com/watch?v=sj_0725song,
Bollywood Melody Gem 726 | Cultural Heritage Series,Various Artists,,270,music,bollywood-melody,80.0,https://www.youtube.com/watch?v=sj_0726song,
Bollywood Melody Gem 727 | Cultural Heritage Series,Various Artists,,279,music,bollywood-melody,81.0,https://www.youtube.com/watch?v=sj_0727song,
Bollywood Melody Gem 728 | Cultural Heritage Series,Various Artists,,288,music,bollywood-melody,82.0,https://www.youtube.com/watch?v=sj_0728song,
Bollywood Melody Gem 729 | Cultural Heritage Series,Various Artists,,297,music,bollywood-melody,83.0,https://www.youtube.com/watch?v=sj_0729song,
Bollywood Melody Gem 730 | Cultural Heritage Series,Various Artists,,306,music,bollywood-melody,84.0,https://www.youtube.com/watch?v=sj_0730song,
Bollywood Melody Gem 731 | Cultural Heritage Series,Various Artists,,315,music,bollywood-melody,85.0,https://www.youtube.com/watch?v=sj_0731song,
Bollywood Melody Gem 732 | Cultural Heritage Series,Various Artists,,324,music,bollywood-melody,86.0,https://www.youtube.com/watch?v=sj_0732song,
Bollywood Melody Gem 733 | Cultural Heritage Series,Various Artists,,333,music,bollywood-melody,87.0,https://www.youtube.com/watch?v=sj_0733song,
Bollywood Melody Gem 734 | Cultural Heritage Series,Various Artists,,342,music,bollywood-melody,88.0,https://www.youtube.com/watch?v=sj_0734song,
Bollywood Melody Gem 735 | Cultural Heritage Series,Various Artists,,351,music,bollywood-melody,89.0,https://www.youtube.com/watch?v=sj_0735song,
Bollywood Melody Gem 736 | Cultural Heritage Series,Various Artists,,180,music,bollywood-melody,90.0,https://www.youtube.com/watch?v=sj_0736song,
Bollywood Melody Gem 737 | Cultural Heritage Series,Various Artists,,189,music,bollywood-melody,91.0,https://www.youtube.com/watch?v=sj_0737song,
Bollywood Melody Gem 738 | Cultural Heritage Series,Various Artists,,198,music,bollywood-melody,92.0,https://www.youtube.com/watch?v=sj_0738song,
Bollywood Melody Gem 739 | Cultural Heritage Series,Various Artists,,207,music,bollywood-melody,93.0,https://www.youtube.com/watch?v=sj_0739song,
Bollywood Melody Gem 740 | Cultural Heritage Series,Various Artists,,216,music,bollywood-melody,94.0,https://www.youtube.com/watch?v=sj_0740song,
Bollywood Melody Gem 741 | Cultural Heritage Series,Various Artists,,225,music,bollywood-melody,95.0,https://www.youtube.com/watch?v=sj_0741song,
Bollywood Melody Gem 742 | Cultural Heritage Series,Various Artists,,234,music,bollywood-melody,96.0,https://www.youtube.com/watch?v=sj_0742song,
Bollywood Melody Gem 743 | Cultural Heritage Series,Various Artists,,243,music,bollywood-melody,97.0,https://www.youtube.com/watch?v=sj_0743song,
Bollywood Melody Gem 744 | Cultural Heritage Series,Various Artists,,252,music,bollywood-melody,70.0,https://www.youtube.com/watch?v=sj_0744song,
Bollywood Melody Gem 745 | Cultural Heritage Series,Various Artists,,261,music,bollywood-melody,71.0,https://www.youtube.com/watch?v=sj_0745song,
Bollywood Melody Gem 746 | Cultural Heritage Series,Various Artists,,270,music,bollywood-melody,72.0,https://www.youtube.com/watch?v=sj_0746song,
Bollywood Melody Gem 747 | Cultural Heritage Series,Various Artists,,279,music,bollywood-melody,73.0,https://www.youtube.com/watch?v=sj_0747song,
Bollywood Melody Gem 748 | Cultural Heritage Series,Various Artists,,288,music,bollywood-melody,74.0,https://www.youtube.com/watch?v=sj_0748song,
Bollywood Melody Gem 749 | Cultural Heritage Series,Various Artists,,297,music,bollywood-melody,75.0,https://www.youtube.com/watch?v=sj_0749song,
Bollywood Melody Gem 750 | Cultural Heritage Series,Various Artists,,306,music,bollywood-melody,76.0,https://www.youtube.com/watch?v=sj_0750song,
Bollywood Melody Gem 751 | Cultural Heritage Series,Various Artists,,315,music,bollywood-melody,77.0,https://www.youtube.com/watch?v=sj_0751song,
Bollywood Melody Gem 752 | Cultural Heritage Series,Various Artists,,324,music,bollywood-melody,78.0,https://www.youtube.com/watch?v=sj_0752song,
Bollywood Melody Gem 753 | Cultural Heritage Series,Various Artists,,333,music,bollywood-melody,79.0,https://www.youtube.com/watch?v=sj_0753song,
Bollywood Melody Gem 754 | Cultural Heritage Series,Various Artists,,342,music,bollywood-melody,80.0,https://www.youtube.com/watch?v=sj_0754song,
Bollywood Melody Gem 755 | Cultural Heritage Series,Various Artists,,351,music,bollywood-melody,81.0,https://www.youtube.com/watch?v=sj_0755song,
Bollywood Melody Gem 756 | Cultural Heritage Series,Various Artists,,180,music,bollywood-melody,82.0,https://www.youtube.com/watch?v=sj_0756song,
Bollywood Melody Gem 757 | Cultural Heritage Series,Various Artists,,189,music,bollywood-melody,83.0,https://www.youtube.com/watch?v=sj_0757song,
Bollywood Melody Gem 758 | Cultural Heritage Series,Various Artists,,198,music,bollywood-melody,84.0,https://www.youtube.com/watch?v=sj_0758song,
Bollywood Melody Gem 759 | Cultural Heritage Series,Various Artists,,207,music,bollywood-melody,85.0,https://www.youtube.com/watch?v=sj_0759song,
Bollywood Melody Gem 760 | Cultural Heritage Series,Various Artists,,216,music,bollywood-melody,86.0,https://www.youtube.com/watch?v=sj_0760song,
Bollywood Melody Gem 761 | Cultural Heritage Series,Various Artists,,225,music,bollywood-melody,87.0,https://www.youtube.com/watch?v=sj_0761song,
Bollywood Melody Gem 762 | Cultural Heritage Series,Various Artists,,234,music,bollywood-melody,88.0,https://www.youtube.com/watch?v=sj_0762song,
Bollywood Melody Gem 763 | Cultural Heritage Series,Various Artists,,243,music,bollywood-melody,89.0,https://www.youtube.com/watch?v=sj_0763song,
Bollywood Melody Gem 764 | Cultural Heritage Series,Various Artists,,252,music,bollywood-melody,90.0,https://www.youtube.com/watch?v=sj_0764song,
Bollywood Melody Gem 765 | Cultural Heritage Series,Various Artists,,261,music,bollywood-melody,91.0,https://www.youtube.com/watch?v=sj_0765song,
Bollywood Melody Gem 766 | Cultural Heritage Series,Various Artists,,270,music,bollywood-melody,92.0,https://www.youtube.com/watch?v=sj_0766song,
Bollywood Melody Gem 767 | Cultural Heritage Series,Various Artists,,279,music,bollywood-melody,93.0,https://www.youtube.com/watch?v=sj_0767song,
Bollywood Melody Gem 768 | Cultural Heritage Series,Various Artists,,288,music,bollywood-melody,94.0,https://www.youtube.com/watch?v=sj_0768song,
Bollywood Melody Gem 769 | Cultural Heritage Series,Various Artists,,297,music,bollywood-melody,95.0,https://www.youtube.com/watch?v=sj_0769song,
Bollywood Melody Gem 770 | Cultural Heritage Series,Various Artists,,306,music,bollywood-melody,96.0,https://www.youtube.com/watch?v=sj_0770song,
Bollywood Melody Gem 771 | Cultural Heritage Series,Various Artists,,315,music,bollywood-melody,97.0,https://www.youtube.com/watch?v=sj_0771song,
Bollywood Melody Gem 772 | Cultural Heritage Series,Various Artists,,324,music,bollywood-melody,70.0,https://www.youtube.com/watch?v=sj_0772song,
Bollywood Melody Gem 773 | Cultural Heritage Series,Various Artists,,333,music,bollywood-melody,71.0,https://www.youtube.com/watch?v=sj_0773song,
Bollywood Melody Gem 774 | Cultural Heritage Series,Various Artists,,342,music,bollywood-melody,72.0,https://www.youtube.com/watch?v=sj_0774song,
Bollywood Melody Gem 775 | Cultural Heritage Series,Various Artists,,351,music,bollywood-melody,73.0,https://www.youtube.com/watch?v=sj_0775song,
Bollywood Melody Gem 776 | Cultural Heritage Series,Various Artists,,180,music,bollywood-melody,74.0,https://www.youtube.com/watch?v=sj_0776song,
Bollywood Melody Gem 777 | Cultural Heritage Series,Various Artists,,189,music,bollywood-melody,75.0,https://www.youtube.com/watch?v=sj_0777song,
Bollywood Melody Gem 778 | Cultural Heritage Series,Various Artists,,198,music,bollywood-melody,76.0,https://www.youtube.com/watch?v=sj_0778song,
Bollywood Melody Gem 779 | Cultural Heritage Series,Various Artists,,207,music,bollywood-melody,77.0,https://www.youtube.com/watch?v=sj_0779song,
Bollywood Melody Gem 780 | Cultural Heritage Series,Various Artists,,216,music,bollywood-melody,78.0,https://www.youtube.com/watch?v=sj_0780song,
Bollywood Melody Gem 781 | Cultural Heritage Series,Various Artists,,225,music,bollywood-melody,79.0,https://www.youtube.com/watch?v=sj_0781song,
Bollywood Melody Gem 782 | Cultural Heritage Series,Various Artists,,234,music,bollywood-melody,80.0,https://www.youtube.com/watch?v=sj_0782song,
Bollywood Melody Gem 783 | Cultural Heritage Series,Various Artists,,243,music,bollywood-melody,81.0,https://www.youtube.com/watch?v=sj_0783song,
Bollywood Melody Gem 784 | Cultural Heritage Series,Various Artists,,252,music,bollywood-melody,82.0,https://www.youtube.com/watch?v=sj_0784song,
Bollywood Melody Gem 785 | Cultural Heritage Series,Various Artists,,261,music,bollywood-melody,83.0,https://www.youtube.com/watch?v=sj_0785song,
Bollywood Melody Gem 786 | Cultural Heritage Series,Various Artists,,270,music,bollywood-melody,84.0,https://www.youtube.com/watch?v=sj_0786song,
Bollywood Melody Gem 787 | Cultural Heritage Series,Various Artists,,279,music,bollywood-melody,85.0,https://www.youtube.com/watch?v=sj_0787song,
Bollywood Melody Gem 788 | Cultural Heritage Series,Various Artists,,288,music,bollywood-melody,86.0,https://www.youtube.com/watch?v=sj_0788song,
Bollywood Melody Gem 789 | Cultural Heritage Series,Various Artists,,297,music,bollywood-melody,87.0,https://www.youtube.com/watch?v=sj_0789song,
Bollywood Melody Gem 790 | Cultural Heritage Series,Various Artists,,306,music,bollywood-melody,88.0,https://www.youtube.com/watch?v=sj_0790song,
Bollywood Melody Gem 791 | Cultural Heritage Series,Various Artists,,315,music,bollywood-melody,89.0,https://www.youtube.com/watch?v=sj_0791song,
Bollywood Melody Gem 792 | Cultural Heritage Series,Various Artists,,324,music,bollywood-melody,90.0,https://www.youtube.com/watch?v=sj_0792song,
Bollywood Melody Gem 793 | Cultural Heritage Series,Various Artists,,333,music,bollywood-melody,91.0,https://www.youtube.com/watch?v=sj_0793song,
Bollywood Melody Gem 794 | Cultural Heritage Series,Various Artists,,342,music,bollywood-melody,92.0,https://www.youtube.com/watch?v=sj_0794song,
Bollywood Melody Gem 795 | Cultural Heritage Series,Various Artists,,351,music,bollywood-melody,93.0,https://www.youtube.com/watch?v=sj_0795song,
Bollywood Melody Gem 796 | Cultural Heritage Series,Various Artists,,180,music,bollywood-melody,94.0,https://www.youtube.com/watch?v=sj_0796song,
Bollywood Melody Gem 797 | Cultural Heritage Series,Various Artists,,189,music,bollywood-melody,95.0,https://www.youtube.com/watch?v=sj_0797song,
Bollywood Melody Gem 798 | Cultural Heritage Series,Various Artists,,198,music,bollywood-melody,96.0,https://www.youtube.com/watch?v=sj_0798song,
Bollywood Melody Gem 799 | Cultural Heritage Series,Various Artists,,207,music,bollywood-melody,97.0,https://www.youtube.com/watch?v=sj_0799song,
Bollywood Melody Gem 800 | Cultural Heritage Series,Various Artists,,216,music,bollywood-melody,70.0,https://www.youtube.com/watch?v=sj_0800song,
Bollywood Melody Gem 801 | Cultural Heritage Series,Various Artists,,225,music,bollywood-melody,71.0,https://www.youtube.com/watch?v=sj_0801song,
Bollywood Melody Gem 802 | Cultural Heritage Series,Various Artists,,234,music,bollywood-melody,72.0,https://www.youtube.com/watch?v=sj_0802song,
Bollywood Melody Gem 803 | Cultural Heritage Series,Various Artists,,243,music,bollywood-melody,73.0,https://www.youtube.com/watch?v=sj_0803song,
Bollywood Melody Gem 804 | Cultural Heritage Series,Various Artists,,252,music,bollywood-melody,74.0,https://www.youtube.com/watch?v=sj_0804song,
Bollywood Melody Gem 805 | Cultural Heritage Series,Various Artists,,261,music,bollywood-melody,75.0,https://www.youtube.com/watch?v=sj_0805song,
Bollywood Melody Gem 806 | Cultural Heritage Series,Various Artists,,270,music,bollywood-melody,76.0,https://www.youtube.com/watch?v=sj_0806song,
Bollywood Melody Gem 807 | Cultural Heritage Series,Various Artists,,279,music,bollywood-melody,77.0,https://www.youtube.com/watch?v=sj_0807song,
Bollywood Melody Gem 808 | Cultural Heritage Series,Various Artists,,288,music,bollywood-melody,78.0,https://www.youtube.com/watch?v=sj_0808song,
Bollywood Melody Gem 809 | Cultural Heritage Series,Various Artists,,297,music,bollywood-melody,79.0,https://www.youtube.com/watch?v=sj_0809song,
Bollywood Melody Gem 810 | Cultural Heritage Series,Various Artists,,306,music,bollywood-melody,80.0,https://www.youtube.com/watch?v=sj_0810song,
Bollywood Melody Gem 811 | Cultural Heritage Series,Various Artists,,315,music,bollywood-melody,81.0,https://www.youtube.com/watch?v=sj_0811song,
Bollywood Melody Gem 812 | Cultural Heritage Series,Various Artists,,324,music,bollywood-melody,82.0,https://www.youtube.com/watch?v=sj_0812song,
Bollywood Melody Gem 813 | Cultural Heritage Series,Various Artists,,333,music,bollywood-melody,83.0,https://www.youtube.com/watch?v=sj_0813song,
Bollywood Melody Gem 814 | Cultural Heritage Series,Various Artists,,342,music,bollywood-melody,84.0,https://www.youtube.com/watch?v=sj_0814song,
Bollywood Melody Gem 815 | Cultural Heritage Series,Various Artists,,351,music,bollywood-melody,85.0,https://www.youtube.com/watch?v=sj_0815song,
Bollywood Melody Gem 816 | Cultural Heritage Series,Various Artists,,180,music,bollywood-melody,86.0,https://www.youtube.com/watch?v=sj_0816song,
Bollywood Melody Gem 817 | Cultural Heritage Series,Various Artists,,189,music,bollywood-melody,87.0,https://www.youtube.com/watch?v=sj_0817song,
Bollywood Melody Gem 818 | Cultural Heritage Series,Various Artists,,198,music,bollywood-melody,88.0,https://www.youtube.com/watch?v=sj_0818song,
Bollywood Melody Gem 819 | Cultural Heritage Series,Various Artists,,207,music,bollywood-melody,89.0,https://www.youtube.com/watch?v=sj_0819song,
Bollywood Melody Gem 820 | Cultural Heritage Series,Various Artists,,216,music,bollywood-melody,90.0,https://www.youtube.com/watch?v=sj_0820song,
Bollywood Melody Gem 821 | Cultural Heritage Series,Various Artists,,225,music,bollywood-melody,91.0,https://www.youtube.com/watch?v=sj_0821song,
Bollywood Melody Gem 822 | Cultural Heritage Series,Various Artists,,234,music,bollywood-melody,92.0,https://www.youtube.com/watch?v=sj_0822song,
Bollywood Melody Gem 823 | Cultural Heritage Series,Various Artists,,243,music,bollywood-melody,93.0,https://www.youtube.com/watch?v=sj_0823song,
Bollywood Melody Gem 824 | Cultural Heritage Series,Various Artists,,252,music,bollywood-melody,94.0,https://www.youtube.com/watch?v=sj_0824song,
Bollywood Melody Gem 825 | Cultural Heritage Series,Various Artists,,261,music,bollywood-melody,95.0,https://www.youtube.com/watch?v=sj_0825song,
Bollywood Melody Gem 826 | Cultural Heritage Series,Various Artists,,270,music,bollywood-melody,96.0,https://www.youtube.com/watch?v=sj_0826song,
Bollywood Melody Gem 827 | Cultural Heritage Series,Various Artists,,279,music,bollywood-melody,97.0,https://www.youtube.com/watch?v=sj_0827song,
Bollywood Melody Gem 828 | Cultural Heritage Series,Various Artists,,288,music,bollywood-melody,70.0,https://www.youtube.com/watch?v=sj_0828song,
Bollywood Melody Gem 829 | Cultural Heritage Series,Various Artists,,297,music,bollywood-melody,71.0,https://www.youtube.com/watch?v=sj_0829song,
Bollywood Melody Gem 830 | Cultural Heritage Series,Various Artists,,306,music,bollywood-melody,72.0,https://www.youtube.com/watch?v=sj_0830song,
Bollywood Melody Gem 831 | Cultural Heritage Series,Various Artists,,315,music,bollywood-melody,73.0,https://www.youtube.com/watch?v=sj_0831song,
Bollywood Melody Gem 832 | Cultural Heritage Series,Various Artists,,324,music,bollywood-melody,74.0,https://www.youtube.com/watch?v=sj_0832song,
Bollywood Melody Gem 833 | Cultural Heritage Series,Various Artists,,333,music,bollywood-melody,75.0,https://www.youtube.com/watch?v=sj_0833song,
Bollywood Melody Gem 834 | Cultural Heritage Series,Various Artists,,342,music,bollywood-melody,76.0,https://www.youtube.com/watch?v=sj_0834song,
Bollywood Melody Gem 835 | Cultural Heritage Series,Various Artists,,351,music,bollywood-melody,77.0,https://www.youtube.com/watch?v=sj_0835song,
Bollywood Melody Gem 836 | Cultural Heritage Series,Various Artists,,180,music,bollywood-melody,78.0,https://www.youtube.com/watch?v=sj_0836song,
Bollywood Melody Gem 837 | Cultural Heritage Series,Various Artists,,189,music,bollywood-melody,79.0,https://www.youtube.com/watch?v=sj_0837song,
Bollywood Melody Gem 838 | Cultural Heritage Series,Various Artists,,198,music,bollywood-melody,80.0,https://www.youtube.com/watch?v=sj_0838song,
Bollywood Melody Gem 839 | Cultural Heritage Series,Various Artists,,207,music,bollywood-melody,81.0,https://www.youtube.com/watch?v=sj_0839song,
Bollywood Melody Gem 840 | Cultural Heritage Series,Various Artists,,216,music,bollywood-melody,82.0,https://www.youtube.com/watch?v=sj_0840song,
Bollywood Melody Gem 841 | Cultural Heritage Series,Various Artists,,225,music,bollywood-melody,83.0,https://www.youtube.com/watch?v=sj_0841song,
Bollywood Melody Gem 842 | Cultural Heritage Series,Various Artists,,234,music,bollywood-melody,84.0,https://www.youtube.com/watch?v=sj_0842song,
Bollywood Melody Gem 843 | Cultural Heritage Series,Various Artists,,243,music,bollywood-melody,85.0,https://www.youtube.com/watch?v=sj_0843song,
Bollywood Melody Gem 844 | Cultural Heritage Series,Various Artists,,252,music,bollywood-melody,86.0,https://www.youtube.com/watch?v=sj_0844song,
Bollywood Melody Gem 845 | Cultural Heritage Series,Various Artists,,261,music,bollywood-melody,87.0,https://www.youtube.com/watch?v=sj_0845song,
Bollywood Melody Gem 846 | Cultural Heritage Series,Various Artists,,270,music,bollywood-melody,88.0,https://www.youtube.com/watch?v=sj_0846song,
Bollywood Melody Gem 847 | Cultural Heritage Series,Various Artists,,279,music,bollywood-melody,89.0,https://www.youtube.com/watch?v=sj_0847song,
Bollywood Melody Gem 848 | Cultural Heritage Series,Various Artists,,288,music,bollywood-melody,90.0,https://www.youtube.com/watch?v=sj_0848song,
Bollywood Melody Gem 849 | Cultural Heritage Series,Various Artists,,297,music,bollywood-melody,91.0,https://www.youtube.com/watch?v=sj_0849song,
Bollywood Melody Gem 850 | Cultural Heritage Series,Various Artists,,306,music,bollywood-melody,92.0,https://www.youtube.com/watch?v=sj_0850song,
Bollywood Melody Gem 851 | Cultural Heritage Series,Various Artists,,315,music,bollywood-melody,93.0,https://www.youtube.com/watch?v=sj_0851song,
Bollywood Melody Gem 852 | Cultural Heritage Series,Various Artists,,324,music,bollywood-melody,94.0,https://www.youtube.com/watch?v=sj_0852song,
Bollywood Melody Gem 853 | Cultural Heritage Series,Various Artists,,333,music,bollywood-melody,95.0,https://www.youtube.com/watch?v=sj_0853song,
Bollywood Melody Gem 854 | Cultural Heritage Series,Various Artists,,342,music,bollywood-melody,96.0,https://www.youtube.com/watch?v=sj_0854song,
Bollywood Melody Gem 855 | Cultural Heritage Series,Various Artists,,351,music,bollywood-melody,97.0,https://www.youtube.com/watch?v=sj_0855song,
Bollywood Melody Gem 856 | Cultural Heritage Series,Various Artists,,180,music,bollywood-melody,70.0,https://www.youtube.com/watch?v=sj_0856song,
Bollywood Melody Gem 857 | Cultural Heritage Series,Various Artists,,189,music,bollywood-melody,71.0,https://www.youtube.com/watch?v=sj_0857song,
Bollywood Melody Gem 858 | Cultural Heritage Series,Various Artists,,198,music,bollywood-melody,72.0,https://www.youtube.com/watch?v=sj_0858song,
Bollywood Melody Gem 859 | Cultural Heritage Series,Various Artists,,207,music,bollywood-melody,73.0,https://www.youtube.com/watch?v=sj_0859song,
Bollywood Melody Gem 860 | Cultural Heritage Series,Various Artists,,216,music,bollywood-melody,74.0,https://www.youtube.com/watch?v=sj_0860song,
Bollywood Melody Gem 861 | Cultural Heritage Series,Various Artists,,225,music,bollywood-melody,75.0,https://www.youtube.com/watch?v=sj_0861song,
Bollywood Melody Gem 862 | Cultural Heritage Series,Various Artists,,234,music,bollywood-melody,76.0,https://www.youtube.com/watch?v=sj_0862song,
Bollywood Melody Gem 863 | Cultural Heritage Series,Various Artists,,243,music,bollywood-melody,77.0,https://www.youtube.com/watch?v=sj_0863song,
Bollywood Melody Gem 864 | Cultural Heritage Series,Various Artists,,252,music,bollywood-melody,78.0,https://www.youtube.com/watch?v=sj_0864song,
Bollywood Melody Gem 865 | Cultural Heritage Series,Various Artists,,261,music,bollywood-melody,79.0,https://www.youtube.com/watch?v=sj_0865song,
Bollywood Melody Gem 866 | Cultural Heritage Series,Various Artists,,270,music,bollywood-melody,80.0,https://www.youtube.com/watch?v=sj_0866song,
Bollywood Melody Gem 867 | Cultural Heritage Series,Various Artists,,279,music,bollywood-melody,81.0,https://www.youtube.com/watch?v=sj_0867song,
Bollywood Melody Gem 868 | Cultural Heritage Series,Various Artists,,288,music,bollywood-melody,82.0,https://www.youtube.com/watch?v=sj_0868song,
Bollywood Melody Gem 869 | Cultural Heritage Series,Various Artists,,297,music,bollywood-melody,83.0,https://www.youtube.com/watch?v=sj_0869song,
Bollywood Melody Gem 870 | Cultural Heritage Series,Various Artists,,306,music,bollywood-melody,84.0,https://www.youtube.com/watch?v=sj_0870song,
Bollywood Melody Gem 871 | Cultural Heritage Series,Various Artists,,315,music,bollywood-melody,85.0,https://www.youtube.com/watch?v=sj_0871song,
Bollywood Melody Gem 872 | Cultural Heritage Series,Various Artists,,324,music,bollywood-melody,86.0,https://www.youtube.com/watch?v=sj_0872song,
Bollywood Melody Gem 873 | Cultural Heritage Series,Various Artists,,333,music,bollywood-melody,87.0,https://www.youtube.com/watch?v=sj_0873song,
Bollywood Melody Gem 874 | Cultural Heritage Series,Various Artists,,342,music,bollywood-melody,88.0,https://www.youtube.com/watch?v=sj_0874song,
Bollywood Melody Gem 875 | Cultural Heritage Series,Various Artists,,351,music,bollywood-melody,89.0,https://www.youtube.com/watch?v=sj_0875song,
Bollywood Melody Gem 876 | Cultural Heritage Series,Various Artists,,180,music,bollywood-melody,90.0,https://www.youtube.com/watch?v=sj_0876song,
Bollywood Melody Gem 877 | Cultural Heritage Series,Various Artists,,189,music,bollywood-melody,91.0,https://www.youtube.com/watch?v=sj_0877song,
Bollywood Melody Gem 878 | Cultural Heritage Series,Various Artists,,198,music,bollywood-melody,92.0,https://www.youtube.com/watch?v=sj_0878song,
Bollywood Melody Gem 879 | Cultural Heritage Series,Various Artists,,207,music,bollywood-melody,93.0,https://www.youtube.com/watch?v=sj_0879song,
Bollywood Melody Gem 880 | Cultural Heritage Series,Various Artists,,216,music,bollywood-melody,94.0,https://www.youtube.com/watch?v=sj_0880song,
Bollywood Melody Gem 881 | Cultural Heritage Series,Various Artists,,225,music,bollywood-melody,95.0,https://www.youtube.com/watch?v=sj_0881song,
Bollywood Melody Gem 882 | Cultural Heritage Series,Various Artists,,234,music,bollywood-melody,96.0,https://www.youtube.com/watch?v=sj_0882song,
Bollywood Melody Gem 883 | Cultural Heritage Series,Various Artists,,243,music,bollywood-melody,97.0,https://www.youtube.com/watch?v=sj_0883song,
Bollywood Melody Gem 884 | Cultural Heritage Series,Various Artists,,252,music,bollywood-melody,70.0,https://www.youtube.com/watch?v=sj_0884song,
Bollywood Melody Gem 885 | Cultural Heritage Series,Various Artists,,261,music,bollywood-melody,71.0,https://www.youtube.com/watch?v=sj_0885song,
Bollywood Melody Gem 886 | Cultural Heritage Series,Various Artists,,270,music,bollywood-melody,72.0,https://www.youtube.com/watch?v=sj_0886song,
Bollywood Melody Gem 887 | Cultural Heritage Series,Various Artists,,279,music,bollywood-melody,73.0,https://www.youtube.com/watch?v=sj_0887song,
Bollywood Melody Gem 888 | Cultural Heritage Series,Various Artists,,288,music,bollywood-melody,74.0,https://www.youtube.com/watch?v=sj_0888song,
Bollywood Melody Gem 889 | Cultural Heritage Series,Various Artists,,297,music,bollywood-melody,75.0,https://www.youtube.com/watch?v=sj_0889song,
Bollywood Melody Gem 890 | Cultural Heritage Series,Various Artists,,306,music,bollywood-melody,76.0,https://www.youtube.com/watch?v=sj_0890song,
Bollywood Melody Gem 891 | Cultural Heritage Series,Various Artists,,315,music,bollywood-melody,77.0,https://www.youtube.com/watch?v=sj_0891song,
Bollywood Melody Gem 892 | Cultural Heritage Series,Various Artists,,324,music,bollywood-melody,78.0,https://www.youtube.com/watch?v=sj_0892song,
Bollywood Melody Gem 893 | Cultural Heritage Series,Various Artists,,333,music,bollywood-melody,79.0,https://www.youtube.com/watch?v=sj_0893song,
Bollywood Melody Gem 894 | Cultural Heritage Series,Various Artists,,342,music,bollywood-melody,80.0,https://www.youtube.com/watch?v=sj_0894song,
Bollywood Melody Gem 895 | Cultural Heritage Series,Various Artists,,351,music,bollywood-melody,81.0,https://www.youtube.com/watch?v=sj_0895song,
Bollywood Melody Gem 896 | Cultural Heritage Series,Various Artists,,180,music,bollywood-melody,82.0,https://www.youtube.com/watch?v=sj_0896song,
Bollywood Melody Gem 897 | Cultural Heritage Series,Various Artists,,189,music,bollywood-melody,83.0,https://www.youtube.com/watch?v=sj_0897song,
Bollywood Melody Gem 898 | Cultural Heritage Series,Various Artists,,198,music,bollywood-melody,84.0,https://www.youtube.com/watch?v=sj_0898song,
Bollywood Melody Gem 899 | Cultural Heritage Series,Various Artists,,207,music,bollywood-melody,85.0,https://www.youtube.com/watch?v=sj_0899song,
Bollywood Melody Gem 900 | Cultural Heritage Series,Various Artists,,216,music,bollywood-melody,86.0,https://www.youtube.com/watch?v=sj_0900song,
Bollywood Melody Gem 901 | Cultural Heritage Series,Various Artists,,225,music,bollywood-melody,87.0,https://www.youtube.com/watch?v=sj_0901song,
Bollywood Melody Gem 902 | Cultural Heritage Series,Various Artists,,234,music,bollywood-melody,88.0,https://www.youtube.com/watch?v=sj_0902song,
Bengali Evergreen Gem 903 | Cultural Heritage Series,Various Artists,,180,music,bengali-evergreen,70.0,https://www.youtube.com/watch?v=sj_0903song,
Bengali Evergreen Gem 904 | Cultural Heritage Series,Various Artists,,189,music,bengali-evergreen,71.0,https://www.youtube.com/watch?v=sj_0904song,
Bengali Evergreen Gem 905 | Cultural Heritage Series,Various Artists,,198,music,bengali-evergreen,72.0,https://www.youtube.com/watch?v=sj_0905song,
Bengali Evergreen Gem 906 | Cultural Heritage Series,Various Artists,,207,music,bengali-evergreen,73.0,https://www.youtube.com/watch?v=sj_0906song,
Bengali Evergreen Gem 907 | Cultural Heritage Series,Various Artists,,216,music,bengali-evergreen,74.0,https://www.youtube.com/watch?v=sj_0907song,
Bengali Evergreen Gem 908 | Cultural Heritage Series,Various Artists,,225,music,bengali-evergreen,75.0,https://www.youtube.com/watch?v=sj_0908song,
Bengali Evergreen Gem 909 | Cultural Heritage Series,Various Artists,,234,music,bengali-evergreen,76.0,https://www.youtube.com/watch?v=sj_0909song,
Bengali Evergreen Gem 910 | Cultural Heritage Series,Various Artists,,243,music,bengali-evergreen,77.0,https://www.youtube.com/watch?v=sj_0910song,
Bengali Evergreen Gem 911 | Cultural Heritage Series,Various Artists,,252,music,bengali-evergreen,78.0,https://www.youtube.com/watch?v=sj_0911song,
Bengali Evergreen Gem 912 | Cultural Heritage Series,Various Artists,,261,music,bengali-evergreen,79.0,https://www.youtube.com/watch?v=sj_0912song,
Bengali Evergreen Gem 913 | Cultural Heritage Series,Various Artists,,270,music,bengali-evergreen,80.0,https://www.youtube.com/watch?v=sj_0913song,
Bengali Evergreen Gem 914 | Cultural Heritage Series,Various Artists,,279,music,bengali-evergreen,81.0,https://www.youtube.com/watch?v=sj_0914song,
Bengali Evergreen Gem 915 | Cultural Heritage Series,Various Artists,,288,music,bengali-evergreen,82.0,https://www.youtube.com/watch?v=sj_0915song,
Bengali Evergreen Gem 916 | Cultural Heritage Series,Various Artists,,297,music,bengali-evergreen,83.0,https://www.youtube.com/watch?v=sj_0916song,
Bengali Evergreen Gem 917 | Cultural Heritage Series,Various Artists,,306,music,bengali-evergreen,84.0,https://www.youtube.com/watch?v=sj_0917song,
Bengali Evergreen Gem 918 | Cultural Heritage Series,Various Artists,,315,music,bengali-evergreen,85.0,https://www.youtube.com/watch?v=sj_0918song,
Bengali Evergreen Gem 919 | Cultural Heritage Series,Various Artists,,324,music,bengali-evergreen,86.0,https://www.youtube.com/watch?v=sj_0919song,
Bengali Evergreen Gem 920 | Cultural Heritage Series,Various Artists,,333,music,bengali-evergreen,87.0,https://www.youtube.com/watch?v=sj_0920song,
Bengali Evergreen Gem 921 | Cultural Heritage Series,Various Artists,,342,music,bengali-evergreen,88.0,https://www.youtube.com/watch?v=sj_0921song,
Bengali Evergreen Gem 922 | Cultural Heritage Series,Various Artists,,351,music,bengali-evergreen,89.0,https://www.youtube.com/watch?v=sj_0922song,
Bengali Evergreen Gem 923 | Cultural Heritage Series,Various Artists,,180,music,bengali-evergreen,90.0,https://www.youtube.com/watch?v=sj_0923song,
Bengali Evergreen Gem 924 | Cultural Heritage Series,Various Artists,,189,music,bengali-evergreen,91.0,https://www.youtube.com/watch?v=sj_0924song,
Bengali Evergreen Gem 925 | Cultural Heritage Series,Various Artists,,198,music,bengali-evergreen,92.0,https://www.youtube.com/watch?v=sj_0925song,
Bengali Evergreen Gem 926 | Cultural Heritage Series,Various Artists,,207,music,bengali-evergreen,93.0,https://www.youtube.com/watch?v=sj_0926song,
Bengali Evergreen Gem 927 | Cultural Heritage Series,Various Artists,,216,music,bengali-evergreen,94.0,https://www.youtube.com/watch?v=sj_0927song,
Bengali Evergreen Gem 928 | Cultural Heritage Series,Various Artists,,225,music,bengali-evergreen,95.0,https://www.youtube.com/watch?v=sj_0928song,
Bengali Evergreen Gem 929 | Cultural Heritage Series,Various Artists,,234,music,bengali-evergreen,96.0,https://www.youtube.com/watch?v=sj_0929song,
Bengali Evergreen Gem 930 | Cultural Heritage Series,Various Artists,,243,music,bengali-evergreen,97.0,https://www.youtube.com/watch?v=sj_0930song,
Bengali Evergreen Gem 931 | Cultural Heritage Series,Various Artists,,252,music,bengali-evergreen,70.0,https://www.youtube.com/watch?v=sj_0931song,
Bengali Evergreen Gem 932 | Cultural Heritage Series,Various Artists,,261,music,bengali-evergreen,71.0,https://www.youtube.com/watch?v=sj_0932song,
Bengali Evergreen Gem 933 | Cultural Heritage Series,Various Artists,,270,music,bengali-evergreen,72.0,https://www.youtube.com/watch?v=sj_0933song,
Bengali Evergreen Gem 934 | Cultural Heritage Series,Various Artists,,279,music,bengali-evergreen,73.0,https://www.youtube.com/watch?v=sj_0934song,
Bengali Evergreen Gem 935 | Cultural Heritage Series,Various Artists,,288,music,bengali-evergreen,74.0,https://www.youtube.com/watch?v=sj_0935song,
Bengali Evergreen Gem 936 | Cultural Heritage Series,Various Artists,,297,music,bengali-evergreen,75.0,https://www.youtube.com/watch?v=sj_0936song,
Bengali Evergreen Gem 937 | Cultural Heritage Series,Various Artists,,306,music,bengali-evergreen,76.0,https://www.youtube.com/watch?v=sj_0937song,
Bengali Evergreen Gem 938 | Cultural Heritage Series,Various Artists,,315,music,bengali-evergreen,77.0,https://www.youtube.com/watch?v=sj_0938song,
Bengali Evergreen Gem 939 | Cultural Heritage Series,Various Artists,,324,music,bengali-evergreen,78.0,https://www.youtube.com/watch?v=sj_0939song,
Bengali Evergreen Gem 940 | Cultural Heritage Series,Various Artists,,333,music,bengali-evergreen,79.0,https://www.youtube.com/watch?v=sj_0940song,
Bengali Evergreen Gem 941 | Cultural Heritage Series,Various Artists,,342,music,bengali-evergreen,80.0,https://www.youtube.com/watch?v=sj_0941song,
Bengali Evergreen Gem 942 | Cultural Heritage Series,Various Artists,,351,music,bengali-evergreen,81.0,https://www.youtube.com/watch?v=sj_0942song,
Bengali Evergreen Gem 943 | Cultural Heritage Series,Various Artists,,180,music,bengali-evergreen,82.0,https://www.youtube.com/watch?v=sj_0943song,
Bengali Evergreen Gem 944 | Cultural Heritage Series,Various Artists,,189,music,bengali-evergreen,83.0,https://www.youtube.com/watch?v=sj_0944song,
Bengali Evergreen Gem 945 | Cultural Heritage Series,Various Artists,,198,music,bengali-evergreen,84.0,https://www.youtube.com/watch?v=sj_0945song,
Bengali Evergreen Gem 946 | Cultural Heritage Series,Various Artists,,207,music,bengali-evergreen,85.0,https://www.youtube.com/watch?v=sj_0946song,
Bengali Evergreen Gem 947 | Cultural Heritage Series,Various Artists,,216,music,bengali-evergreen,86.0,https://www.youtube.com/watch?v=sj_0947song,
Bengali Evergreen Gem 948 | Cultural Heritage Series,Various Artists,,225,music,bengali-evergreen,87.0,https://www.youtube.com/watch?v=sj_0948song,
Bengali Evergreen Gem 949 | Cultural Heritage Series,Various Artists,,234,music,bengali-evergreen,88.0,https://www.youtube.com/watch?v=sj_0949song,
Bengali Evergreen Gem 950 | Cultural Heritage Series,Various Artists,,243,music,bengali-evergreen,89.0,https://www.youtube.com/watch?v=sj_0950song,
Bengali Evergreen Gem 951 | Cultural Heritage Series,Various Artists,,252,music,bengali-evergreen,90.0,https://www.youtube.com/watch?v=sj_0951song,
Bengali Evergreen Gem 952 | Cultural Heritage Series,Various Artists,,261,music,bengali-evergreen,91.0,https://www.youtube.com/watch?v=sj_0952song,
Bengali Evergreen Gem 953 | Cultural Heritage Series,Various Artists,,270,music,bengali-evergreen,92.0,https://www.youtube.com/watch?v=sj_0953song,
Bengali Evergreen Gem 954 | Cultural Heritage Series,Various Artists,,279,music,bengali-evergreen,93.0,https://www.youtube.com/watch?v=sj_0954song,
Bengali Evergreen Gem 955 | Cultural Heritage Series,Various Artists,,288,music,bengali-evergreen,94.0,https://www.youtube.com/watch?v=sj_0955song,
Bengali Evergreen Gem 956 | Cultural Heritage Series,Various Artists,,297,music,bengali-evergreen,95.0,https://www.youtube.com/watch?v=sj_0956song,
Bengali Evergreen Gem 957 | Cultural Heritage Series,Various Artists,,306,music,bengali-evergreen,96.0,https://www.youtube.com/watch?v=sj_0957song,
Bengali Evergreen Gem 958 | Cultural Heritage Series,Various Artists,,315,music,bengali-evergreen,97.0,https://www.youtube.com/watch?v=sj_0958song,
Bengali Evergreen Gem 959 | Cultural Heritage Series,Various Artists,,324,music,bengali-evergreen,70.0,https://www.youtube.com/watch?v=sj_0959song,
Bengali Evergreen Gem 960 | Cultural Heritage Series,Various Artists,,333,music,bengali-evergreen,71.0,https://www.youtube.com/watch?v=sj_0960song,
Bengali Evergreen Gem 961 | Cultural Heritage Series,Various Artists,,342,music,bengali-evergreen,72.0,https://www.youtube.com/watch?v=sj_0961song,
Bengali Evergreen Gem 962 | Cultural Heritage Series,Various Artists,,351,music,bengali-evergreen,73.0,https://www.youtube.com/watch?v=sj_0962song,
Bengali Evergreen Gem 963 | Cultural Heritage Series,Various Artists,,180,music,bengali-evergreen,74.0,https://www.youtube.com/watch?v=sj_0963song,
Bengali Evergreen Gem 964 | Cultural Heritage Series,Various Artists,,189,music,bengali-evergreen,75.0,https://www.youtube.com/watch?v=sj_0964song,
Bengali Evergreen Gem 965 | Cultural Heritage Series,Various Artists,,198,music,bengali-evergreen,76.0,https://www.youtube.com/watch?v=sj_0965song,
Bengali Evergreen Gem 966 | Cultural Heritage Series,Various Artists,,207,music,bengali-evergreen,77.0,https://www.youtube.com/watch?v=sj_0966song,
Bengali Evergreen Gem 967 | Cultural Heritage Series,Various Artists,,216,music,bengali-evergreen,78.0,https://www.youtube.com/watch?v=sj_0967song,
Bengali Evergreen Gem 968 | Cultural Heritage Series,Various Artists,,225,music,bengali-evergreen,79.0,https://www.youtube.com/watch?v=sj_0968song,
Bengali Evergreen Gem 969 | Cultural Heritage Series,Various Artists,,234,music,bengali-evergreen,80.0,https://www.youtube.com/watch?v=sj_0969song,
Bengali Evergreen Gem 970 | Cultural Heritage Series,Various Artists,,243,music,bengali-evergreen,81.0,https://www.youtube.com/watch?v=sj_0970song,
Bengali Evergreen Gem 971 | Cultural Heritage Series,Various Artists,,252,music,bengali-evergreen,82.0,https://www.youtube.com/watch?v=sj_0971song,
Bengali Evergreen Gem 972 | Cultural Heritage Series,Various Artists,,261,music,bengali-evergreen,83.0,https://www.youtube.com/watch?v=sj_0972song,
Bengali Evergreen Gem 973 | Cultural Heritage Series,Various Artists,,270,music,bengali-evergreen,84.0,https://www.youtube.com/watch?v=sj_0973song,
Bengali Evergreen Gem 974 | Cultural Heritage Series,Various Artists,,279,music,bengali-evergreen,85.0,https://www.youtube.com/watch?v=sj_0974song,
Bengali Evergreen Gem 975 | Cultural Heritage Series,Various Artists,,288,music,bengali-evergreen,86.0,https://www.youtube.com/watch?v=sj_0975song,
Bengali Evergreen Gem 976 | Cultural Heritage Series,Various Artists,,297,music,bengali-evergreen,87.0,https://www.youtube.com/watch?v=sj_0976song,
Bengali Evergreen Gem 977 | Cultural Heritage Series,Various Artists,,306,music,bengali-evergreen,88.0,https://www.youtube.com/watch?v=sj_0977song,
Bengali Evergreen Gem 978 | Cultural Heritage Series,Various Artists,,315,music,bengali-evergreen,89.0,https://www.youtube.com/watch?v=sj_0978song,
Bengali Evergreen Gem 979 | Cultural Heritage Series,Various Artists,,324,music,bengali-evergreen,90.0,https://www.youtube.com/watch?v=sj_0979song,
Bengali Evergreen Gem 980 | Cultural Heritage Series,Various Artists,,333,music,bengali-evergreen,91.0,https://www.youtube.com/watch?v=sj_0980song,
Bengali Evergreen Gem 981 | Cultural Heritage Series,Various Artists,,342,music,bengali-evergreen,92.0,https://www.youtube.com/watch?v=sj_0981song,
Bengali Evergreen Gem 982 | Cultural Heritage Series,Various Artists,,351,music,bengali-evergreen,93.0,https://www.youtube.com/watch?v=sj_0982song,
Bengali Evergreen Gem 983 | Cultural Heritage Series,Various Artists,,180,music,bengali-evergreen,94.0,https://www.youtube.com/watch?v=sj_0983song,
Bengali Evergreen Gem 984 | Cultural Heritage Series,Various Artists,,189,music,bengali-evergreen,95.0,https://www.youtube.com/watch?v=sj_0984song,
Bengali Evergreen Gem 985 | Cultural Heritage Series,Various Artists,,198,music,bengali-evergreen,96.0,https://www.youtube.com/watch?v=sj_0985song,
Bengali Evergreen Gem 986 | Cultural Heritage Series,Various Artists,,207,music,bengali-evergreen,97.0,https://www.youtube.com/watch?v=sj_0986song,
Bengali Evergreen Gem 987 | Cultural Heritage Series,Various Artists,,216,music,bengali-evergreen,70.0,https://www.youtube.com/watch?v=sj_0987song,
Bengali Evergreen Gem 988 | Cultural Heritage Series,Various Artists,,225,music,bengali-evergreen,71.0,https://www.youtube.com/watch?v=sj_0988song,
Bengali Evergreen Gem 989 | Cultural Heritage Series,Various Artists,,234,music,bengali-evergreen,72.0,https://www.youtube.com/watch?v=sj_0989song,
Bengali Evergreen Gem 990 | Cultural Heritage Series,Various Artists,,243,music,bengali-evergreen,73.0,https://www.youtube.com/watch?v=sj_0990song,
Bengali Evergreen Gem 991 | Cultural Heritage Series,Various Artists,,252,music,bengali-evergreen,74.0,https://www.youtube.com/watch?v=sj_0991song,
Bengali Evergreen Gem 992 | Cultural Heritage Series,Various Artists,,261,music,bengali-evergreen,75.0,https://www.youtube.com/watch?v=sj_0992song,
Bengali Evergreen Gem 993 | Cultural Heritage Series,Various Artists,,270,music,bengali-evergreen,76.0,https://www.youtube.com/watch?v=sj_0993song,
Bengali Evergreen Gem 994 | Cultural Heritage Series,Various Artists,,279,music,bengali-evergreen,77.0,https://www.youtube.com/watch?v=sj_0994song,
Bengali Evergreen Gem 995 | Cultural Heritage Series,Various Artists,,288,music,bengali-evergreen,78.0,https://www.youtube.com/watch?v=sj_0995song,
Bengali Evergreen Gem 996 | Cultural Heritage Series,Various Artists,,297,music,bengali-evergreen,79.0,https://www.youtube.com/watch?v=sj_0996song,
Bengali Evergreen Gem 997 | Cultural Heritage Series,Various Artists,,306,music,bengali-evergreen,80.0,https://www.youtube.com/watch?v=sj_0997song,
Bengali Evergreen Gem 998 | Cultural Heritage Series,Various Artists,,315,music,bengali-evergreen,81.0,https://www.youtube.com/watch?v=sj_0998song,
Bengali Evergreen Gem 999 | Cultural Heritage Series,Various Artists,,324,music,bengali-evergreen,82.0,https://www.youtube.com/watch?v=sj_0999song,
Bengali Evergreen Gem 1000 | Cultural Heritage Series,Various Artists,,333,music,bengali-evergreen,83.0,https://www.youtube.com/watch?v=sj_1000song,
Bengali Evergreen Gem 1001 | Cultural Heritage Series,Various Artists,,342,music,bengali-evergreen,84.0,https://www.youtube.com/watch?v=sj_1001song,
Bengali Evergreen Gem 1002 | Cultural Heritage Series,Various Artists,,351,music,bengali-evergreen,85.0,https://www.youtube.com/watch?v=sj_1002song,
Bengali Evergreen Gem 1003 | Cultural Heritage Series,Various Artists,,180,music,bengali-evergreen,86.0,https://www.youtube.com/watch?v=sj_1003song,
Bengali Evergreen Gem 1004 | Cultural Heritage Series,Various Artists,,189,music,bengali-evergreen,87.0,https://www.youtube.com/watch?v=sj_1004song,
Bengali Evergreen Gem 1005 | Cultural Heritage Series,Various Artists,,198,music,bengali-evergreen,88.0,https://www.youtube.com/watch?v=sj_1005song,
Bengali Evergreen Gem 1006 | Cultural Heritage Series,Various Artists,,207,music,bengali-evergreen,89.0,https://www.youtube.com/watch?v=sj_1006song,
Bengali Evergreen Gem 1007 | Cultural Heritage Series,Various Artists,,216,music,bengali-evergreen,90.0,https://www.youtube.com/watch?v=sj_1007song,
Bengali Evergreen Gem 1008 | Cultural Heritage Series,Various Artists,,225,music,bengali-evergreen,91.0,https://www.youtube.com/watch?v=sj_1008song,
Bengali Evergreen Gem 1009 | Cultural Heritage Series,Various Artists,,234,music,bengali-evergreen,92.0,https://www.youtube.com/watch?v=sj_1009song,
Bengali Evergreen Gem 1010 | Cultural Heritage Series,Various Artists,,243,music,bengali-evergreen,93.0,https://www.youtube.com/watch?v=sj_1010song,
Bengali Evergreen Gem 1011 | Cultural Heritage Series,Various Artists,,252,music,bengali-evergreen,94.0,https://www.youtube.com/watch?v=sj_1011song,
Bengali Evergreen Gem 1012 | Cultural Heritage Series,Various Artists,,261,music,bengali-evergreen,95.0,https://www.youtube.com/watch?v=sj_1012song,
Bengali Evergreen Gem 1013 | Cultural Heritage Series,Various Artists,,270,music,bengali-evergreen,96.0,https://www.youtube.com/watch?v=sj_1013song,
Bengali Evergreen Gem 1014 | Cultural Heritage Series,Various Artists,,279,music,bengali-evergreen,97.0,https://www.youtube.com/watch?v=sj_1014song,
Bengali Evergreen Gem 1015 | Cultural Heritage Series,Various Artists,,288,music,bengali-evergreen,70.0,https://www.youtube.com/watch?v=sj_1015song,
Bengali Evergreen Gem 1016 | Cultural Heritage Series,Various Artists,,297,music,bengali-evergreen,71.0,https://www.youtube.com/watch?v=sj_1016song,
Bengali Evergreen Gem 1017 | Cultural Heritage Series,Various Artists,,306,music,bengali-evergreen,72.0,https://www.youtube.com/watch?v=sj_1017song,
Bengali Evergreen Gem 1018 | Cultural Heritage Series,Various Artists,,315,music,bengali-evergreen,73.0,https://www.youtube.com/watch?v=sj_1018song,
Bengali Evergreen Gem 1019 | Cultural Heritage Series,Various Artists,,324,music,bengali-evergreen,74.0,https://www.youtube.com/watch?v=sj_1019song,
Bengali Evergreen Gem 1020 | Cultural Heritage Series,Various Artists,,333,music,bengali-evergreen,75.0,https://www.youtube.com/watch?v=sj_1020song,
Bengali Evergreen Gem 1021 | Cultural Heritage Series,Various Artists,,342,music,bengali-evergreen,76.0,https://www.youtube.com/watch?v=sj_1021song,
Bengali Evergreen Gem 1022 | Cultural Heritage Series,Various Artists,,351,music,bengali-evergreen,77.0,https://www.youtube.com/watch?v=sj_1022song,
Bengali Evergreen Gem 1023 | Cultural Heritage Series,Various Artists,,180,music,bengali-evergreen,78.0,https://www.youtube.com/watch?v=sj_1023song,
Bengali Evergreen Gem 1024 | Cultural Heritage Series,Various Artists,,189,music,bengali-evergreen,79.0,https://www.youtube.com/watch?v=sj_1024song,
Bengali Evergreen Gem 1025 | Cultural Heritage Series,Various Artists,,198,music,bengali-evergreen,80.0,https://www.youtube.com/watch?v=sj_1025song,
Bengali Evergreen Gem 1026 | Cultural Heritage Series,Various Artists,,207,music,bengali-evergreen,81.0,https://www.youtube.com/watch?v=sj_1026song,
Bengali Evergreen Gem 1027 | Cultural Heritage Series,Various Artists,,216,music,bengali-evergreen,82.0,https://www.youtube.com/watch?v=sj_1027song,
Bengali Evergreen Gem 1028 | Cultural Heritage Series,Various Artists,,225,music,bengali-evergreen,83.0,https://www.youtube.com/watch?v=sj_1028song,
Bengali Evergreen Gem 1029 | Cultural Heritage Series,Various Artists,,234,music,bengali-evergreen,84.0,https://www.youtube.com/watch?v=sj_1029song,
Bengali Evergreen Gem 1030 | Cultural Heritage Series,Various Artists,,243,music,bengali-evergreen,85.0,https://www.youtube.com/watch?v=sj_1030song,
Bengali Evergreen Gem 1031 | Cultural Heritage Series,Various Artists,,252,music,bengali-evergreen,86.0,https://www.youtube.com/watch?v=sj_1031song,
Bengali Evergreen Gem 1032 | Cultural Heritage Series,Various Artists,,261,music,bengali-evergreen,87.0,https://www.youtube.com/watch?v=sj_1032song,
Bengali Evergreen Gem 1033 | Cultural Heritage Series,Various Artists,,270,music,bengali-evergreen,88.0,https://www.youtube.com/watch?v=sj_1033song,
Bengali Evergreen Gem 1034 | Cultural Heritage Series,Various Artists,,279,music,bengali-evergreen,89.0,https://www.youtube.com/watch?v=sj_1034song,
Bengali Evergreen Gem 1035 | Cultural Heritage Series,Various Artists,,288,music,bengali-evergreen,90.0,https://www.youtube.com/watch?v=sj_1035song,
Bengali Evergreen Gem 1036 | Cultural Heritage Series,Various Artists,,297,music,bengali-evergreen,91.0,https://www.youtube.com/watch?v=sj_1036song,
Bengali Evergreen Gem 1037 | Cultural Heritage Series,Various Artists,,306,music,bengali-evergreen,92.0,https://www.youtube.com/watch?v=sj_1037song,
Bengali Evergreen Gem 1038 | Cultural Heritage Series,Various Artists,,315,music,bengali-evergreen,93.0,https://www.youtube.com/watch?v=sj_1038song,
Bengali Evergreen Gem 1039 | Cultural Heritage Series,Various Artists,,324,music,bengali-evergreen,94.0,https://www.youtube.com/watch?v=sj_1039song,
Bengali Evergreen Gem 1040 | Cultural Heritage Series,Various Artists,,333,music,bengali-evergreen,95.0,https://www.youtube.com/watch?v=sj_1040song,
Bengali Evergreen Gem 1041 | Cultural Heritage Series,Various Artists,,342,music,bengali-evergreen,96.0,https://www.youtube.com/watch?v=sj_1041song,
Bengali Evergreen Gem 1042 | Cultural Heritage Series,Various Artists,,351,music,bengali-evergreen,97.0,https://www.youtube.com/watch?v=sj_1042song,
Bengali Evergreen Gem 1043 | Cultural Heritage Series,Various Artists,,180,music,bengali-evergreen,70.0,https://www.youtube.com/watch?v=sj_1043song,
Bengali Evergreen Gem 1044 | Cultural Heritage Series,Various Artists,,189,music,bengali-evergreen,71.0,https://www.youtube.com/watch?v=sj_1044song,
Bengali Evergreen Gem 1045 | Cultural Heritage Series,Various Artists,,198,music,bengali-evergreen,72.0,https://www.youtube.com/watch?v=sj_1045song,
Bengali Evergreen Gem 1046 | Cultural Heritage Series,Various Artists,,207,music,bengali-evergreen,73.0,https://www.youtube.com/watch?v=sj_1046song,
Bengali Evergreen Gem 1047 | Cultural Heritage Series,Various Artists,,216,music,bengali-evergreen,74.0,https://www.youtube.com/watch?v=sj_1047song,
Sunday Suspense | Mystery & Detective Episode 1048 | Mirchi 98.3,Mirchi Bangla,,3600,spoken_word,sunday-suspense,70.0,https://www.youtube.com/watch?v=sj_1048song,
Sunday Suspense | Mystery & Detective Episode 1049 | Mirchi 98.3,Mirchi Bangla,,3660,spoken_word,sunday-suspense,71.0,https://www.youtube.com/watch?v=sj_1049song,
Sunday Suspense | Mystery & Detective Episode 1050 | Mirchi 98.3,Mirchi Bangla,,3720,spoken_word,sunday-suspense,72.0,https://www.youtube.com/watch?v=sj_1050song,
Sunday Suspense | Mystery & Detective Episode 1051 | Mirchi 98.3,Mirchi Bangla,,3780,spoken_word,sunday-suspense,73.0,https://www.youtube.com/watch?v=sj_1051song,
Sunday Suspense | Mystery & Detective Episode 1052 | Mirchi 98.3,Mirchi Bangla,,3840,spoken_word,sunday-suspense,74.0,https://www.youtube.com/watch?v=sj_1052song,
Sunday Suspense | Mystery & Detective Episode 1053 | Mirchi 98.3,Mirchi Bangla,,3900,spoken_word,sunday-suspense,75.0,https://www.youtube.com/watch?v=sj_1053song,
Sunday Suspense | Mystery & Detective Episode 1054 | Mirchi 98.3,Mirchi Bangla,,3960,spoken_word,sunday-suspense,76.0,https://www.youtube.com/watch?v=sj_1054song,
Sunday Suspense | Mystery & Detective Episode 1055 | Mirchi 98.3,Mirchi Bangla,,4020,spoken_word,sunday-suspense,77.0,https://www.youtube.com/watch?v=sj_1055song,
Sunday Suspense | Mystery & Detective Episode 1056 | Mirchi 98.3,Mirchi Bangla,,4080,spoken_word,sunday-suspense,78.0,https://www.youtube.com/watch?v=sj_1056song,
Sunday Suspense | Mystery & Detective Episode 1057 | Mirchi 98.3,Mirchi Bangla,,4140,spoken_word,sunday-suspense,79.0,https://www.youtube.com/watch?v=sj_1057song,
Sunday Suspense | Mystery & Detective Episode 1058 | Mirchi 98.3,Mirchi Bangla,,4200,spoken_word,sunday-suspense,80.0,https://www.youtube.com/watch?v=sj_1058song,
Sunday Suspense | Mystery & Detective Episode 1059 | Mirchi 98.3,Mirchi Bangla,,4260,spoken_word,sunday-suspense,81.0,https://www.youtube.com/watch?v=sj_1059song,
Sunday Suspense | Mystery & Detective Episode 1060 | Mirchi 98.3,Mirchi Bangla,,4320,spoken_word,sunday-suspense,82.0,https://www.youtube.com/watch?v=sj_1060song,
Sunday Suspense | Mystery & Detective Episode 1061 | Mirchi 98.3,Mirchi Bangla,,4380,spoken_word,sunday-suspense,83.0,https://www.youtube.com/watch?v=sj_1061song,
Sunday Suspense | Mystery & Detective Episode 1062 | Mirchi 98.3,Mirchi Bangla,,4440,spoken_word,sunday-suspense,84.0,https://www.youtube.com/watch?v=sj_1062song,
Sunday Suspense | Mystery & Detective Episode 1063 | Mirchi 98.3,Mirchi Bangla,,4500,spoken_word,sunday-suspense,85.0,https://www.youtube.com/watch?v=sj_1063song,
Sunday Suspense | Mystery & Detective Episode 1064 | Mirchi 98.3,Mirchi Bangla,,4560,spoken_word,sunday-suspense,86.0,https://www.youtube.com/watch?v=sj_1064song,
Sunday Suspense | Mystery & Detective Episode 1065 | Mirchi 98.3,Mirchi Bangla,,4620,spoken_word,sunday-suspense,87.0,https://www.youtube.com/watch?v=sj_1065song,
Sunday Suspense | Mystery & Detective Episode 1066 | Mirchi 98.3,Mirchi Bangla,,4680,spoken_word,sunday-suspense,88.0,https://www.youtube.com/watch?v=sj_1066song,
Sunday Suspense | Mystery & Detective Episode 1067 | Mirchi 98.3,Mirchi Bangla,,4740,spoken_word,sunday-suspense,89.0,https://www.youtube.com/watch?v=sj_1067song,
Sunday Suspense | Mystery & Detective Episode 1068 | Mirchi 98.3,Mirchi Bangla,,4800,spoken_word,sunday-suspense,90.0,https://www.youtube.com/watch?v=sj_1068song,
Sunday Suspense | Mystery & Detective Episode 1069 | Mirchi 98.3,Mirchi Bangla,,4860,spoken_word,sunday-suspense,91.0,https://www.youtube.com/watch?v=sj_1069song,
Sunday Suspense | Mystery & Detective Episode 1070 | Mirchi 98.3,Mirchi Bangla,,4920,spoken_word,sunday-suspense,92.0,https://www.youtube.com/watch?v=sj_1070song,
Sunday Suspense | Mystery & Detective Episode 1071 | Mirchi 98.3,Mirchi Bangla,,4980,spoken_word,sunday-suspense,93.0,https://www.youtube.com/watch?v=sj_1071song,
Sunday Suspense | Mystery & Detective Episode 1072 | Mirchi 98.3,Mirchi Bangla,,5040,spoken_word,sunday-suspense,94.0,https://www.youtube.com/watch?v=sj_1072song,
Sunday Suspense | Mystery & Detective Episode 1073 | Mirchi 98.3,Mirchi Bangla,,5100,spoken_word,sunday-suspense,95.0,https://www.youtube.com/watch?v=sj_1073song,
Sunday Suspense | Mystery & Detective Episode 1074 | Mirchi 98.3,Mirchi Bangla,,5160,spoken_word,sunday-suspense,96.0,https://www.youtube.com/watch?v=sj_1074song,
Sunday Suspense | Mystery & Detective Episode 1075 | Mirchi 98.3,Mirchi Bangla,,5220,spoken_word,sunday-suspense,97.0,https://www.youtube.com/watch?v=sj_1075song,
Sunday Suspense | Mystery & Detective Episode 1076 | Mirchi 98.3,Mirchi Bangla,,5280,spoken_word,sunday-suspense,70.0,https://www.youtube.com/watch?v=sj_1076song,
Sunday Suspense | Mystery & Detective Episode 1077 | Mirchi 98.3,Mirchi Bangla,,5340,spoken_word,sunday-suspense,71.0,https://www.youtube.com/watch?v=sj_1077song,
Sunday Suspense | Mystery & Detective Episode 1078 | Mirchi 98.3,Mirchi Bangla,,5400,spoken_word,sunday-suspense,72.0,https://www.youtube.com/watch?v=sj_1078song,
Sunday Suspense | Mystery & Detective Episode 1079 | Mirchi 98.3,Mirchi Bangla,,5460,spoken_word,sunday-suspense,73.0,https://www.youtube.com/watch?v=sj_1079song,
Sunday Suspense | Mystery & Detective Episode 1080 | Mirchi 98.3,Mirchi Bangla,,5520,spoken_word,sunday-suspense,74.0,https://www.youtube.com/watch?v=sj_1080song,
Sunday Suspense | Mystery & Detective Episode 1081 | Mirchi 98.3,Mirchi Bangla,,5580,spoken_word,sunday-suspense,75.0,https://www.youtube.com/watch?v=sj_1081song,
Sunday Suspense | Mystery & Detective Episode 1082 | Mirchi 98.3,Mirchi Bangla,,5640,spoken_word,sunday-suspense,76.0,https://www.youtube.com/watch?v=sj_1082song,
Sunday Suspense | Mystery & Detective Episode 1083 | Mirchi 98.3,Mirchi Bangla,,5700,spoken_word,sunday-suspense,77.0,https://www.youtube.com/watch?v=sj_1083song,
Sunday Suspense | Mystery & Detective Episode 1084 | Mirchi 98.3,Mirchi Bangla,,5760,spoken_word,sunday-suspense,78.0,https://www.youtube.com/watch?v=sj_1084song,
Sunday Suspense | Mystery & Detective Episode 1085 | Mirchi 98.3,Mirchi Bangla,,5820,spoken_word,sunday-suspense,79.0,https://www.youtube.com/watch?v=sj_1085song,
Sunday Suspense | Mystery & Detective Episode 1086 | Mirchi 98.3,Mirchi Bangla,,5880,spoken_word,sunday-suspense,80.0,https://www.youtube.com/watch?v=sj_1086song,
Sunday Suspense | Mystery & Detective Episode 1087 | Mirchi 98.3,Mirchi Bangla,,5940,spoken_word,sunday-suspense,81.0,https://www.youtube.com/watch?v=sj_1087song,
Sunday Suspense | Mystery & Detective Episode 1088 | Mirchi 98.3,Mirchi Bangla,,6000,spoken_word,sunday-suspense,82.0,https://www.youtube.com/watch?v=sj_1088song,
Sunday Suspense | Mystery & Detective Episode 1089 | Mirchi 98.3,Mirchi Bangla,,6060,spoken_word,sunday-suspense,83.0,https://www.youtube.com/watch?v=sj_1089song,
Sunday Suspense | Mystery & Detective Episode 1090 | Mirchi 98.3,Mirchi Bangla,,6120,spoken_word,sunday-suspense,84.0,https://www.youtube.com/watch?v=sj_1090song,
Sunday Suspense | Mystery & Detective Episode 1091 | Mirchi 98.3,Mirchi Bangla,,6180,spoken_word,sunday-suspense,85.0,https://www.youtube.com/watch?v=sj_1091song,
Sunday Suspense | Mystery & Detective Episode 1092 | Mirchi 98.3,Mirchi Bangla,,6240,spoken_word,sunday-suspense,86.0,https://www.youtube.com/watch?v=sj_1092song,
Sunday Suspense | Mystery & Detective Episode 1093 | Mirchi 98.3,Mirchi Bangla,,6300,spoken_word,sunday-suspense,87.0,https://www.youtube.com/watch?v=sj_1093song,
Sunday Suspense | Mystery & Detective Episode 1094 | Mirchi 98.3,Mirchi Bangla,,6360,spoken_word,sunday-suspense,88.0,https://www.youtube.com/watch?v=sj_1094song,
Sunday Suspense | Mystery & Detective Episode 1095 | Mirchi 98.3,Mirchi Bangla,,6420,spoken_word,sunday-suspense,89.0,https://www.youtube.com/watch?v=sj_1095song,
Sunday Suspense | Mystery & Detective Episode 1096 | Mirchi 98.3,Mirchi Bangla,,6480,spoken_word,sunday-suspense,90.0,https://www.youtube.com/watch?v=sj_1096song,
Sunday Suspense | Mystery & Detective Episode 1097 | Mirchi 98.3,Mirchi Bangla,,6540,spoken_word,sunday-suspense,91.0,https://www.youtube.com/watch?v=sj_1097song,
Sunday Suspense | Mystery & Detective Episode 1098 | Mirchi 98.3,Mirchi Bangla,,6600,spoken_word,sunday-suspense,92.0,https://www.youtube.com/watch?v=sj_1098song,
Sunday Suspense | Mystery & Detective Episode 1099 | Mirchi 98.3,Mirchi Bangla,,6660,spoken_word,sunday-suspense,93.0,https://www.youtube.com/watch?v=sj_1099song,
Sunday Suspense | Mystery & Detective Episode 1100 | Mirchi 98.3,Mirchi Bangla,,6720,spoken_word,sunday-suspense,94.0,https://www.youtube.com/watch?v=sj_1100song,
Sunday Suspense | Mystery & Detective Episode 1101 | Mirchi 98.3,Mirchi Bangla,,6780,spoken_word,sunday-suspense,95.0,https://www.youtube.com/watch?v=sj_1101song,
Sunday Suspense | Mystery & Detective Episode 1102 | Mirchi 98.3,Mirchi Bangla,,6840,spoken_word,sunday-suspense,96.0,https://www.youtube.com/watch?v=sj_1102song,
Sunday Suspense | Mystery & Detective Episode 1103 | Mirchi 98.3,Mirchi Bangla,,6900,spoken_word,sunday-suspense,97.0,https://www.youtube.com/watch?v=sj_1103song,
Sunday Suspense | Mystery & Detective Episode 1104 | Mirchi 98.3,Mirchi Bangla,,6960,spoken_word,sunday-suspense,70.0,https://www.youtube.com/watch?v=sj_1104song,
Sunday Suspense | Mystery & Detective Episode 1105 | Mirchi 98.3,Mirchi Bangla,,7020,spoken_word,sunday-suspense,71.0,https://www.youtube.com/watch?v=sj_1105song,
Sunday Suspense | Mystery & Detective Episode 1106 | Mirchi 98.3,Mirchi Bangla,,7080,spoken_word,sunday-suspense,72.0,https://www.youtube.com/watch?v=sj_1106song,
Sunday Suspense | Mystery & Detective Episode 1107 | Mirchi 98.3,Mirchi Bangla,,7140,spoken_word,sunday-suspense,73.0,https://www.youtube.com/watch?v=sj_1107song,
Sunday Suspense | Mystery & Detective Episode 1108 | Mirchi 98.3,Mirchi Bangla,,7200,spoken_word,sunday-suspense,74.0,https://www.youtube.com/watch?v=sj_1108song,
Sunday Suspense | Mystery & Detective Episode 1109 | Mirchi 98.3,Mirchi Bangla,,7260,spoken_word,sunday-suspense,75.0,https://www.youtube.com/watch?v=sj_1109song,
Sunday Suspense | Mystery & Detective Episode 1110 | Mirchi 98.3,Mirchi Bangla,,7320,spoken_word,sunday-suspense,76.0,https://www.youtube.com/watch?v=sj_1110song,
Sunday Suspense | Mystery & Detective Episode 1111 | Mirchi 98.3,Mirchi Bangla,,7380,spoken_word,sunday-suspense,77.0,https://www.youtube.com/watch?v=sj_1111song,
Sunday Suspense | Mystery & Detective Episode 1112 | Mirchi 98.3,Mirchi Bangla,,7440,spoken_word,sunday-suspense,78.0,https://www.youtube.com/watch?v=sj_1112song,
Sunday Suspense | Mystery & Detective Episode 1113 | Mirchi 98.3,Mirchi Bangla,,7500,spoken_word,sunday-suspense,79.0,https://www.youtube.com/watch?v=sj_1113song,
Sunday Suspense | Mystery & Detective Episode 1114 | Mirchi 98.3,Mirchi Bangla,,7560,spoken_word,sunday-suspense,80.0,https://www.youtube.com/watch?v=sj_1114song,
Sunday Suspense | Mystery & Detective Episode 1115 | Mirchi 98.3,Mirchi Bangla,,7620,spoken_word,sunday-suspense,81.0,https://www.youtube.com/watch?v=sj_1115song,
Sunday Suspense | Mystery & Detective Episode 1116 | Mirchi 98.3,Mirchi Bangla,,7680,spoken_word,sunday-suspense,82.0,https://www.youtube.com/watch?v=sj_1116song,
Sunday Suspense | Mystery & Detective Episode 1117 | Mirchi 98.3,Mirchi Bangla,,7740,spoken_word,sunday-suspense,83.0,https://www.youtube.com/watch?v=sj_1117song,
Sunday Suspense | Mystery & Detective Episode 1118 | Mirchi 98.3,Mirchi Bangla,,7800,spoken_word,sunday-suspense,84.0,https://www.youtube.com/watch?v=sj_1118song,
Sunday Suspense | Mystery & Detective Episode 1119 | Mirchi 98.3,Mirchi Bangla,,7860,spoken_word,sunday-suspense,85.0,https://www.youtube.com/watch?v=sj_1119song,
Sunday Suspense | Mystery & Detective Episode 1120 | Mirchi 98.3,Mirchi Bangla,,7920,spoken_word,sunday-suspense,86.0,https://www.youtube.com/watch?v=sj_1120song,
Sunday Suspense | Mystery & Detective Episode 1121 | Mirchi 98.3,Mirchi Bangla,,7980,spoken_word,sunday-suspense,87.0,https://www.youtube.com/watch?v=sj_1121song,
Sunday Suspense | Mystery & Detective Episode 1122 | Mirchi 98.3,Mirchi Bangla,,8040,spoken_word,sunday-suspense,88.0,https://www.youtube.com/watch?v=sj_1122song,
Sunday Suspense | Mystery & Detective Episode 1123 | Mirchi 98.3,Mirchi Bangla,,8100,spoken_word,sunday-suspense,89.0,https://www.youtube.com/watch?v=sj_1123song,
Sunday Suspense | Mystery & Detective Episode 1124 | Mirchi 98.3,Mirchi Bangla,,8160,spoken_word,sunday-suspense,90.0,https://www.youtube.com/watch?v=sj_1124song,
Sunday Suspense | Mystery & Detective Episode 1125 | Mirchi 98.3,Mirchi Bangla,,8220,spoken_word,sunday-suspense,91.0,https://www.youtube.com/watch?v=sj_1125song,
Sunday Suspense | Mystery & Detective Episode 1126 | Mirchi 98.3,Mirchi Bangla,,8280,spoken_word,sunday-suspense,92.0,https://www.youtube.com/watch?v=sj_1126song,
Sunday Suspense | Mystery & Detective Episode 1127 | Mirchi 98.3,Mirchi Bangla,,8340,spoken_word,sunday-suspense,93.0,https://www.youtube.com/watch?v=sj_1127song,
Sunday Suspense | Mystery & Detective Episode 1128 | Mirchi 98.3,Mirchi Bangla,,8400,spoken_word,sunday-suspense,94.0,https://www.youtube.com/watch?v=sj_1128song,
Sunday Suspense | Mystery & Detective Episode 1129 | Mirchi 98.3,Mirchi Bangla,,8460,spoken_word,sunday-suspense,95.0,https://www.youtube.com/watch?v=sj_1129song,
Sunday Suspense | Mystery & Detective Episode 1130 | Mirchi 98.3,Mirchi Bangla,,8520,spoken_word,sunday-suspense,96.0,https://www.youtube.com/watch?v=sj_1130song,
Sunday Suspense | Mystery & Detective Episode 1131 | Mirchi 98.3,Mirchi Bangla,,8580,spoken_word,sunday-suspense,97.0,https://www.youtube.com/watch?v=sj_1131song,
Sunday Suspense | Mystery & Detective Episode 1132 | Mirchi 98.3,Mirchi Bangla,,8640,spoken_word,sunday-suspense,70.0,https://www.youtube.com/watch?v=sj_1132song,
Sunday Suspense | Mystery & Detective Episode 1133 | Mirchi 98.3,Mirchi Bangla,,8700,spoken_word,sunday-suspense,71.0,https://www.youtube.com/watch?v=sj_1133song,
Sunday Suspense | Mystery & Detective Episode 1134 | Mirchi 98.3,Mirchi Bangla,,8760,spoken_word,sunday-suspense,72.0,https://www.youtube.com/watch?v=sj_1134song,
Sunday Suspense | Mystery & Detective Episode 1135 | Mirchi 98.3,Mirchi Bangla,,8820,spoken_word,sunday-suspense,73.0,https://www.youtube.com/watch?v=sj_1135song,
Sunday Suspense | Mystery & Detective Episode 1136 | Mirchi 98.3,Mirchi Bangla,,8880,spoken_word,sunday-suspense,74.0,https://www.youtube.com/watch?v=sj_1136song,
Sunday Suspense | Mystery & Detective Episode 1137 | Mirchi 98.3,Mirchi Bangla,,8940,spoken_word,sunday-suspense,75.0,https://www.youtube.com/watch?v=sj_1137song,
Sunday Suspense | Mystery & Detective Episode 1138 | Mirchi 98.3,Mirchi Bangla,,9000,spoken_word,sunday-suspense,76.0,https://www.youtube.com/watch?v=sj_1138song,
Sunday Suspense | Mystery & Detective Episode 1139 | Mirchi 98.3,Mirchi Bangla,,9060,spoken_word,sunday-suspense,77.0,https://www.youtube.com/watch?v=sj_1139song,
Sunday Suspense | Mystery & Detective Episode 1140 | Mirchi 98.3,Mirchi Bangla,,9120,spoken_word,sunday-suspense,78.0,https://www.youtube.com/watch?v=sj_1140song,
Sunday Suspense | Mystery & Detective Episode 1141 | Mirchi 98.3,Mirchi Bangla,,9180,spoken_word,sunday-suspense,79.0,https://www.youtube.com/watch?v=sj_1141song,
Sunday Suspense | Mystery & Detective Episode 1142 | Mirchi 98.3,Mirchi Bangla,,9240,spoken_word,sunday-suspense,80.0,https://www.youtube.com/watch?v=sj_1142song,
Sunday Suspense | Mystery & Detective Episode 1143 | Mirchi 98.3,Mirchi Bangla,,9300,spoken_word,sunday-suspense,81.0,https://www.youtube.com/watch?v=sj_1143song,
Sunday Suspense | Mystery & Detective Episode 1144 | Mirchi 98.3,Mirchi Bangla,,9360,spoken_word,sunday-suspense,82.0,https://www.youtube.com/watch?v=sj_1144song,
Sunday Suspense | Mystery & Detective Episode 1145 | Mirchi 98.3,Mirchi Bangla,,9420,spoken_word,sunday-suspense,83.0,https://www.youtube.com/watch?v=sj_1145song,
Sunday Suspense | Mystery & Detective Episode 1146 | Mirchi 98.3,Mirchi Bangla,,9480,spoken_word,sunday-suspense,84.0,https://www.youtube.com/watch?v=sj_1146song,
Sunday Suspense | Mystery & Detective Episode 1147 | Mirchi 98.3,Mirchi Bangla,,9540,spoken_word,sunday-suspense,85.0,https://www.youtube.com/watch?v=sj_1147song,
Sunday Suspense | Mystery & Detective Episode 1148 | Mirchi 98.3,Mirchi Bangla,,9600,spoken_word,sunday-suspense,86.0,https://www.youtube.com/watch?v=sj_1148song,
Sunday Suspense | Mystery & Detective Episode 1149 | Mirchi 98.3,Mirchi Bangla,,9660,spoken_word,sunday-suspense,87.0,https://www.youtube.com/watch?v=sj_1149song,
Sunday Suspense | Mystery & Detective Episode 1150 | Mirchi 98.3,Mirchi Bangla,,9720,spoken_word,sunday-suspense,88.0,https://www.youtube.com/watch?v=sj_1150song,
Sunday Suspense | Mystery & Detective Episode 1151 | Mirchi 98.3,Mirchi Bangla,,9780,spoken_word,sunday-suspense,89.0,https://www.youtube.com/watch?v=sj_1151song,
Sunday Suspense | Mystery & Detective Episode 1152 | Mirchi 98.3,Mirchi Bangla,,9840,spoken_word,sunday-suspense,90.0,https://www.youtube.com/watch?v=sj_1152song,
Sunday Suspense | Mystery & Detective Episode 1153 | Mirchi 98.3,Mirchi Bangla,,9900,spoken_word,sunday-suspense,91.0,https://www.youtube.com/watch?v=sj_1153song,
Sunday Suspense | Mystery & Detective Episode 1154 | Mirchi 98.3,Mirchi Bangla,,9960,spoken_word,sunday-suspense,92.0,https://www.youtube.com/watch?v=sj_1154song,
Sunday Suspense | Mystery & Detective Episode 1155 | Mirchi 98.3,Mirchi Bangla,,10020,spoken_word,sunday-suspense,93.0,https://www.youtube.com/watch?v=sj_1155song,
Sunday Suspense | Mystery & Detective Episode 1156 | Mirchi 98.3,Mirchi Bangla,,10080,spoken_word,sunday-suspense,94.0,https://www.youtube.com/watch?v=sj_1156song,
Sunday Suspense | Mystery & Detective Episode 1157 | Mirchi 98.3,Mirchi Bangla,,10140,spoken_word,sunday-suspense,95.0,https://www.youtube.com/watch?v=sj_1157song,
Sunday Suspense | Mystery & Detective Episode 1158 | Mirchi 98.3,Mirchi Bangla,,10200,spoken_word,sunday-suspense,96.0,https://www.youtube.com/watch?v=sj_1158song,
Sunday Suspense | Mystery & Detective Episode 1159 | Mirchi 98.3,Mirchi Bangla,,10260,spoken_word,sunday-suspense,97.0,https://www.youtube.com/watch?v=sj_1159song,
Sunday Suspense | Mystery & Detective Episode 1160 | Mirchi 98.3,Mirchi Bangla,,10320,spoken_word,sunday-suspense,70.0,https://www.youtube.com/watch?v=sj_1160song,
Sunday Suspense | Mystery & Detective Episode 1161 | Mirchi 98.3,Mirchi Bangla,,10380,spoken_word,sunday-suspense,71.0,https://www.youtube.com/watch?v=sj_1161song,
Sunday Suspense | Mystery & Detective Episode 1162 | Mirchi 98.3,Mirchi Bangla,,10440,spoken_word,sunday-suspense,72.0,https://www.youtube.com/watch?v=sj_1162song,
Sunday Suspense | Mystery & Detective Episode 1163 | Mirchi 98.3,Mirchi Bangla,,10500,spoken_word,sunday-suspense,73.0,https://www.youtube.com/watch?v=sj_1163song,
Sunday Suspense | Mystery & Detective Episode 1164 | Mirchi 98.3,Mirchi Bangla,,10560,spoken_word,sunday-suspense,74.0,https://www.youtube.com/watch?v=sj_1164song,
Sunday Suspense | Mystery & Detective Episode 1165 | Mirchi 98.3,Mirchi Bangla,,10620,spoken_word,sunday-suspense,75.0,https://www.youtube.com/watch?v=sj_1165song,
Sunday Suspense | Mystery & Detective Episode 1166 | Mirchi 98.3,Mirchi Bangla,,10680,spoken_word,sunday-suspense,76.0,https://www.youtube.com/watch?v=sj_1166song,
Sunday Suspense | Mystery & Detective Episode 1167 | Mirchi 98.3,Mirchi Bangla,,10740,spoken_word,sunday-suspense,77.0,https://www.youtube.com/watch?v=sj_1167song,
Sunday Suspense | Mystery & Detective Episode 1168 | Mirchi 98.3,Mirchi Bangla,,3600,spoken_word,sunday-suspense,78.0,https://www.youtube.com/watch?v=sj_1168song,
Sunday Suspense | Mystery & Detective Episode 1169 | Mirchi 98.3,Mirchi Bangla,,3660,spoken_word,sunday-suspense,79.0,https://www.youtube.com/watch?v=sj_1169song,
Sunday Suspense | Mystery & Detective Episode 1170 | Mirchi 98.3,Mirchi Bangla,,3720,spoken_word,sunday-suspense,80.0,https://www.youtube.com/watch?v=sj_1170song,
Sunday Suspense | Mystery & Detective Episode 1171 | Mirchi 98.3,Mirchi Bangla,,3780,spoken_word,sunday-suspense,81.0,https://www.youtube.com/watch?v=sj_1171song,
Sunday Suspense | Mystery & Detective Episode 1172 | Mirchi 98.3,Mirchi Bangla,,3840,spoken_word,sunday-suspense,82.0,https://www.youtube.com/watch?v=sj_1172song,
Sunday Suspense | Mystery & Detective Episode 1173 | Mirchi 98.3,Mirchi Bangla,,3900,spoken_word,sunday-suspense,83.0,https://www.youtube.com/watch?v=sj_1173song,
Sunday Suspense | Mystery & Detective Episode 1174 | Mirchi 98.3,Mirchi Bangla,,3960,spoken_word,sunday-suspense,84.0,https://www.youtube.com/watch?v=sj_1174song,
Sunday Suspense | Mystery & Detective Episode 1175 | Mirchi 98.3,Mirchi Bangla,,4020,spoken_word,sunday-suspense,85.0,https://www.youtube.com/watch?v=sj_1175song,
Sunday Suspense | Mystery & Detective Episode 1176 | Mirchi 98.3,Mirchi Bangla,,4080,spoken_word,sunday-suspense,86.0,https://www.youtube.com/watch?v=sj_1176song,
Sunday Suspense | Mystery & Detective Episode 1177 | Mirchi 98.3,Mirchi Bangla,,4140,spoken_word,sunday-suspense,87.0,https://www.youtube.com/watch?v=sj_1177song,
Sunday Suspense | Mystery & Detective Episode 1178 | Mirchi 98.3,Mirchi Bangla,,4200,spoken_word,sunday-suspense,88.0,https://www.youtube.com/watch?v=sj_1178song,
Sunday Suspense | Mystery & Detective Episode 1179 | Mirchi 98.3,Mirchi Bangla,,4260,spoken_word,sunday-suspense,89.0,https://www.youtube.com/watch?v=sj_1179song,
Sunday Suspense | Mystery & Detective Episode 1180 | Mirchi 98.3,Mirchi Bangla,,4320,spoken_word,sunday-suspense,90.0,https://www.youtube.com/watch?v=sj_1180song,
Sunday Suspense | Mystery & Detective Episode 1181 | Mirchi 98.3,Mirchi Bangla,,4380,spoken_word,sunday-suspense,91.0,https://www.youtube.com/watch?v=sj_1181song,
Sunday Suspense | Mystery & Detective Episode 1182 | Mirchi 98.3,Mirchi Bangla,,4440,spoken_word,sunday-suspense,92.0,https://www.youtube.com/watch?v=sj_1182song,
Sunday Suspense | Mystery & Detective Episode 1183 | Mirchi 98.3,Mirchi Bangla,,4500,spoken_word,sunday-suspense,93.0,https://www.youtube.com/watch?v=sj_1183song,
Sunday Suspense | Mystery & Detective Episode 1184 | Mirchi 98.3,Mirchi Bangla,,4560,spoken_word,sunday-suspense,94.0,https://www.youtube.com/watch?v=sj_1184song,
Sunday Suspense | Mystery & Detective Episode 1185 | Mirchi 98.3,Mirchi Bangla,,4620,spoken_word,sunday-suspense,95.0,https://www.youtube.com/watch?v=sj_1185song,
Sunday Suspense | Mystery & Detective Episode 1186 | Mirchi 98.3,Mirchi Bangla,,4680,spoken_word,sunday-suspense,96.0,https://www.youtube.com/watch?v=sj_1186song,
Sunday Suspense | Mystery & Detective Episode 1187 | Mirchi 98.3,Mirchi Bangla,,4740,spoken_word,sunday-suspense,97.0,https://www.youtube.com/watch?v=sj_1187song,
Sunday Suspense | Mystery & Detective Episode 1188 | Mirchi 98.3,Mirchi Bangla,,4800,spoken_word,sunday-suspense,70.0,https://www.youtube.com/watch?v=sj_1188song,
Sunday Suspense | Mystery & Detective Episode 1189 | Mirchi 98.3,Mirchi Bangla,,4860,spoken_word,sunday-suspense,71.0,https://www.youtube.com/watch?v=sj_1189song,
Sunday Suspense | Mystery & Detective Episode 1190 | Mirchi 98.3,Mirchi Bangla,,4920,spoken_word,sunday-suspense,72.0,https://www.youtube.com/watch?v=sj_1190song,
Sunday Suspense | Mystery & Detective Episode 1191 | Mirchi 98.3,Mirchi Bangla,,4980,spoken_word,sunday-suspense,73.0,https://www.youtube.com/watch?v=sj_1191song,
Sunday Suspense | Mystery & Detective Episode 1192 | Mirchi 98.3,Mirchi Bangla,,5040,spoken_word,sunday-suspense,74.0,https://www.youtube.com/watch?v=sj_1192song,
Sunday Suspense | Mystery & Detective Episode 1193 | Mirchi 98.3,Mirchi Bangla,,5100,spoken_word,sunday-suspense,75.0,https://www.youtube.com/watch?v=sj_1193song,
Sunday Suspense | Mystery & Detective Episode 1194 | Mirchi 98.3,Mirchi Bangla,,5160,spoken_word,sunday-suspense,76.0,https://www.youtube.com/watch?v=sj_1194song,
Sunday Suspense | Mystery & Detective Episode 1195 | Mirchi 98.3,Mirchi Bangla,,5220,spoken_word,sunday-suspense,77.0,https://www.youtube.com/watch?v=sj_1195song,
Sunday Suspense | Mystery & Detective Episode 1196 | Mirchi 98.3,Mirchi Bangla,,5280,spoken_word,sunday-suspense,78.0,https://www.youtube.com/watch?v=sj_1196song,
Bhojpuri Hits Gem 1197 | Cultural Heritage Series,Various Artists,,180,music,bhojpuri-hits,70.0,https://www.youtube.com/watch?v=sj_1197song,
Bhojpuri Hits Gem 1198 | Cultural Heritage Series,Various Artists,,189,music,bhojpuri-hits,71.0,https://www.youtube.com/watch?v=sj_1198song,
Bhojpuri Hits Gem 1199 | Cultural Heritage Series,Various Artists,,198,music,bhojpuri-hits,72.0,https://www.youtube.com/watch?v=sj_1199song,
Bhojpuri Hits Gem 1200 | Cultural Heritage Series,Various Artists,,207,music,bhojpuri-hits,73.0,https://www.youtube.com/watch?v=sj_1200song,
Bhojpuri Hits Gem 1201 | Cultural Heritage Series,Various Artists,,216,music,bhojpuri-hits,74.0,https://www.youtube.com/watch?v=sj_1201song,
Bhojpuri Hits Gem 1202 | Cultural Heritage Series,Various Artists,,225,music,bhojpuri-hits,75.0,https://www.youtube.com/watch?v=sj_1202song,
Bhojpuri Hits Gem 1203 | Cultural Heritage Series,Various Artists,,234,music,bhojpuri-hits,76.0,https://www.youtube.com/watch?v=sj_1203song,
Bhojpuri Hits Gem 1204 | Cultural Heritage Series,Various Artists,,243,music,bhojpuri-hits,77.0,https://www.youtube.com/watch?v=sj_1204song,
Bhojpuri Hits Gem 1205 | Cultural Heritage Series,Various Artists,,252,music,bhojpuri-hits,78.0,https://www.youtube.com/watch?v=sj_1205song,
Bhojpuri Hits Gem 1206 | Cultural Heritage Series,Various Artists,,261,music,bhojpuri-hits,79.0,https://www.youtube.com/watch?v=sj_1206song,
Bhojpuri Hits Gem 1207 | Cultural Heritage Series,Various Artists,,270,music,bhojpuri-hits,80.0,https://www.youtube.com/watch?v=sj_1207song,
Bhojpuri Hits Gem 1208 | Cultural Heritage Series,Various Artists,,279,music,bhojpuri-hits,81.0,https://www.youtube.com/watch?v=sj_1208song,
Bhojpuri Hits Gem 1209 | Cultural Heritage Series,Various Artists,,288,music,bhojpuri-hits,82.0,https://www.youtube.com/watch?v=sj_1209song,
Bhojpuri Hits Gem 1210 | Cultural Heritage Series,Various Artists,,297,music,bhojpuri-hits,83.0,https://www.youtube.com/watch?v=sj_1210song,
Bhojpuri Hits Gem 1211 | Cultural Heritage Series,Various Artists,,306,music,bhojpuri-hits,84.0,https://www.youtube.com/watch?v=sj_1211song,
Bhojpuri Hits Gem 1212 | Cultural Heritage Series,Various Artists,,315,music,bhojpuri-hits,85.0,https://www.youtube.com/watch?v=sj_1212song,
Bhojpuri Hits Gem 1213 | Cultural Heritage Series,Various Artists,,324,music,bhojpuri-hits,86.0,https://www.youtube.com/watch?v=sj_1213song,
Bhojpuri Hits Gem 1214 | Cultural Heritage Series,Various Artists,,333,music,bhojpuri-hits,87.0,https://www.youtube.com/watch?v=sj_1214song,
Bhojpuri Hits Gem 1215 | Cultural Heritage Series,Various Artists,,342,music,bhojpuri-hits,88.0,https://www.youtube.com/watch?v=sj_1215song,
Bhojpuri Hits Gem 1216 | Cultural Heritage Series,Various Artists,,351,music,bhojpuri-hits,89.0,https://www.youtube.com/watch?v=sj_1216song,
Bhojpuri Hits Gem 1217 | Cultural Heritage Series,Various Artists,,180,music,bhojpuri-hits,90.0,https://www.youtube.com/watch?v=sj_1217song,
Bhojpuri Hits Gem 1218 | Cultural Heritage Series,Various Artists,,189,music,bhojpuri-hits,91.0,https://www.youtube.com/watch?v=sj_1218song,
Bhojpuri Hits Gem 1219 | Cultural Heritage Series,Various Artists,,198,music,bhojpuri-hits,92.0,https://www.youtube.com/watch?v=sj_1219song,
Bhojpuri Hits Gem 1220 | Cultural Heritage Series,Various Artists,,207,music,bhojpuri-hits,93.0,https://www.youtube.com/watch?v=sj_1220song,
Bhojpuri Hits Gem 1221 | Cultural Heritage Series,Various Artists,,216,music,bhojpuri-hits,94.0,https://www.youtube.com/watch?v=sj_1221song,
Bhojpuri Hits Gem 1222 | Cultural Heritage Series,Various Artists,,225,music,bhojpuri-hits,95.0,https://www.youtube.com/watch?v=sj_1222song,
Bhojpuri Hits Gem 1223 | Cultural Heritage Series,Various Artists,,234,music,bhojpuri-hits,96.0,https://www.youtube.com/watch?v=sj_1223song,
Bhojpuri Hits Gem 1224 | Cultural Heritage Series,Various Artists,,243,music,bhojpuri-hits,97.0,https://www.youtube.com/watch?v=sj_1224song,
Bhojpuri Hits Gem 1225 | Cultural Heritage Series,Various Artists,,252,music,bhojpuri-hits,70.0,https://www.youtube.com/watch?v=sj_1225song,
Bhojpuri Hits Gem 1226 | Cultural Heritage Series,Various Artists,,261,music,bhojpuri-hits,71.0,https://www.youtube.com/watch?v=sj_1226song,
Bhojpuri Hits Gem 1227 | Cultural Heritage Series,Various Artists,,270,music,bhojpuri-hits,72.0,https://www.youtube.com/watch?v=sj_1227song,
Bhojpuri Hits Gem 1228 | Cultural Heritage Series,Various Artists,,279,music,bhojpuri-hits,73.0,https://www.youtube.com/watch?v=sj_1228song,
Bhojpuri Hits Gem 1229 | Cultural Heritage Series,Various Artists,,288,music,bhojpuri-hits,74.0,https://www.youtube.com/watch?v=sj_1229song,
Bhojpuri Hits Gem 1230 | Cultural Heritage Series,Various Artists,,297,music,bhojpuri-hits,75.0,https://www.youtube.com/watch?v=sj_1230song,
Bhojpuri Hits Gem 1231 | Cultural Heritage Series,Various Artists,,306,music,bhojpuri-hits,76.0,https://www.youtube.com/watch?v=sj_1231song,
Bhojpuri Hits Gem 1232 | Cultural Heritage Series,Various Artists,,315,music,bhojpuri-hits,77.0,https://www.youtube.com/watch?v=sj_1232song,
Bhojpuri Hits Gem 1233 | Cultural Heritage Series,Various Artists,,324,music,bhojpuri-hits,78.0,https://www.youtube.com/watch?v=sj_1233song,
Bhojpuri Hits Gem 1234 | Cultural Heritage Series,Various Artists,,333,music,bhojpuri-hits,79.0,https://www.youtube.com/watch?v=sj_1234song,
Bhojpuri Hits Gem 1235 | Cultural Heritage Series,Various Artists,,342,music,bhojpuri-hits,80.0,https://www.youtube.com/watch?v=sj_1235song,
Bhojpuri Hits Gem 1236 | Cultural Heritage Series,Various Artists,,351,music,bhojpuri-hits,81.0,https://www.youtube.com/watch?v=sj_1236song,
Bhojpuri Hits Gem 1237 | Cultural Heritage Series,Various Artists,,180,music,bhojpuri-hits,82.0,https://www.youtube.com/watch?v=sj_1237song,
Bhojpuri Hits Gem 1238 | Cultural Heritage Series,Various Artists,,189,music,bhojpuri-hits,83.0,https://www.youtube.com/watch?v=sj_1238song,
Bhojpuri Hits Gem 1239 | Cultural Heritage Series,Various Artists,,198,music,bhojpuri-hits,84.0,https://www.youtube.com/watch?v=sj_1239song,
Bhojpuri Hits Gem 1240 | Cultural Heritage Series,Various Artists,,207,music,bhojpuri-hits,85.0,https://www.youtube.com/watch?v=sj_1240song,
Bhojpuri Hits Gem 1241 | Cultural Heritage Series,Various Artists,,216,music,bhojpuri-hits,86.0,https://www.youtube.com/watch?v=sj_1241song,
Bhojpuri Hits Gem 1242 | Cultural Heritage Series,Various Artists,,225,music,bhojpuri-hits,87.0,https://www.youtube.com/watch?v=sj_1242song,
Bhojpuri Hits Gem 1243 | Cultural Heritage Series,Various Artists,,234,music,bhojpuri-hits,88.0,https://www.youtube.com/watch?v=sj_1243song,
Bhojpuri Hits Gem 1244 | Cultural Heritage Series,Various Artists,,243,music,bhojpuri-hits,89.0,https://www.youtube.com/watch?v=sj_1244song,
Bhojpuri Hits Gem 1245 | Cultural Heritage Series,Various Artists,,252,music,bhojpuri-hits,90.0,https://www.youtube.com/watch?v=sj_1245song,
Bhojpuri Hits Gem 1246 | Cultural Heritage Series,Various Artists,,261,music,bhojpuri-hits,91.0,https://www.youtube.com/watch?v=sj_1246song,
Bhojpuri Hits Gem 1247 | Cultural Heritage Series,Various Artists,,270,music,bhojpuri-hits,92.0,https://www.youtube.com/watch?v=sj_1247song,
Bhojpuri Hits Gem 1248 | Cultural Heritage Series,Various Artists,,279,music,bhojpuri-hits,93.0,https://www.youtube.com/watch?v=sj_1248song,
Bhojpuri Hits Gem 1249 | Cultural Heritage Series,Various Artists,,288,music,bhojpuri-hits,94.0,https://www.youtube.com/watch?v=sj_1249song,
Bhojpuri Hits Gem 1250 | Cultural Heritage Series,Various Artists,,297,music,bhojpuri-hits,95.0,https://www.youtube.com/watch?v=sj_1250song,
Bhojpuri Hits Gem 1251 | Cultural Heritage Series,Various Artists,,306,music,bhojpuri-hits,96.0,https://www.youtube.com/watch?v=sj_1251song,
Bhojpuri Hits Gem 1252 | Cultural Heritage Series,Various Artists,,315,music,bhojpuri-hits,97.0,https://www.youtube.com/watch?v=sj_1252song,
Bhojpuri Hits Gem 1253 | Cultural Heritage Series,Various Artists,,324,music,bhojpuri-hits,70.0,https://www.youtube.com/watch?v=sj_1253song,
Bhojpuri Hits Gem 1254 | Cultural Heritage Series,Various Artists,,333,music,bhojpuri-hits,71.0,https://www.youtube.com/watch?v=sj_1254song,
Bhojpuri Hits Gem 1255 | Cultural Heritage Series,Various Artists,,342,music,bhojpuri-hits,72.0,https://www.youtube.com/watch?v=sj_1255song,
Bhojpuri Hits Gem 1256 | Cultural Heritage Series,Various Artists,,351,music,bhojpuri-hits,73.0,https://www.youtube.com/watch?v=sj_1256song,
Bhojpuri Hits Gem 1257 | Cultural Heritage Series,Various Artists,,180,music,bhojpuri-hits,74.0,https://www.youtube.com/watch?v=sj_1257song,
Bhojpuri Hits Gem 1258 | Cultural Heritage Series,Various Artists,,189,music,bhojpuri-hits,75.0,https://www.youtube.com/watch?v=sj_1258song,
Bhojpuri Hits Gem 1259 | Cultural Heritage Series,Various Artists,,198,music,bhojpuri-hits,76.0,https://www.youtube.com/watch?v=sj_1259song,
Bhojpuri Hits Gem 1260 | Cultural Heritage Series,Various Artists,,207,music,bhojpuri-hits,77.0,https://www.youtube.com/watch?v=sj_1260song,
Bhojpuri Hits Gem 1261 | Cultural Heritage Series,Various Artists,,216,music,bhojpuri-hits,78.0,https://www.youtube.com/watch?v=sj_1261song,
Bhojpuri Hits Gem 1262 | Cultural Heritage Series,Various Artists,,225,music,bhojpuri-hits,79.0,https://www.youtube.com/watch?v=sj_1262song,
Bhojpuri Hits Gem 1263 | Cultural Heritage Series,Various Artists,,234,music,bhojpuri-hits,80.0,https://www.youtube.com/watch?v=sj_1263song,
Bhojpuri Hits Gem 1264 | Cultural Heritage Series,Various Artists,,243,music,bhojpuri-hits,81.0,https://www.youtube.com/watch?v=sj_1264song,
Bhojpuri Hits Gem 1265 | Cultural Heritage Series,Various Artists,,252,music,bhojpuri-hits,82.0,https://www.youtube.com/watch?v=sj_1265song,
Bhojpuri Hits Gem 1266 | Cultural Heritage Series,Various Artists,,261,music,bhojpuri-hits,83.0,https://www.youtube.com/watch?v=sj_1266song,
Bhojpuri Hits Gem 1267 | Cultural Heritage Series,Various Artists,,270,music,bhojpuri-hits,84.0,https://www.youtube.com/watch?v=sj_1267song,
Bhojpuri Hits Gem 1268 | Cultural Heritage Series,Various Artists,,279,music,bhojpuri-hits,85.0,https://www.youtube.com/watch?v=sj_1268song,
Bhojpuri Hits Gem 1269 | Cultural Heritage Series,Various Artists,,288,music,bhojpuri-hits,86.0,https://www.youtube.com/watch?v=sj_1269song,
Bhojpuri Hits Gem 1270 | Cultural Heritage Series,Various Artists,,297,music,bhojpuri-hits,87.0,https://www.youtube.com/watch?v=sj_1270song,
Bhojpuri Hits Gem 1271 | Cultural Heritage Series,Various Artists,,306,music,bhojpuri-hits,88.0,https://www.youtube.com/watch?v=sj_1271song,
Bhojpuri Hits Gem 1272 | Cultural Heritage Series,Various Artists,,315,music,bhojpuri-hits,89.0,https://www.youtube.com/watch?v=sj_1272song,
Bhojpuri Hits Gem 1273 | Cultural Heritage Series,Various Artists,,324,music,bhojpuri-hits,90.0,https://www.youtube.com/watch?v=sj_1273song,
Bhojpuri Hits Gem 1274 | Cultural Heritage Series,Various Artists,,333,music,bhojpuri-hits,91.0,https://www.youtube.com/watch?v=sj_1274song,
Bhojpuri Hits Gem 1275 | Cultural Heritage Series,Various Artists,,342,music,bhojpuri-hits,92.0,https://www.youtube.com/watch?v=sj_1275song,
Bhojpuri Hits Gem 1276 | Cultural Heritage Series,Various Artists,,351,music,bhojpuri-hits,93.0,https://www.youtube.com/watch?v=sj_1276song,
Bhojpuri Hits Gem 1277 | Cultural Heritage Series,Various Artists,,180,music,bhojpuri-hits,94.0,https://www.youtube.com/watch?v=sj_1277song,
Bhojpuri Hits Gem 1278 | Cultural Heritage Series,Various Artists,,189,music,bhojpuri-hits,95.0,https://www.youtube.com/watch?v=sj_1278song,
Bhojpuri Hits Gem 1279 | Cultural Heritage Series,Various Artists,,198,music,bhojpuri-hits,96.0,https://www.youtube.com/watch?v=sj_1279song,
Bhojpuri Hits Gem 1280 | Cultural Heritage Series,Various Artists,,207,music,bhojpuri-hits,97.0,https://www.youtube.com/watch?v=sj_1280song,
Bhojpuri Hits Gem 1281 | Cultural Heritage Series,Various Artists,,216,music,bhojpuri-hits,70.0,https://www.youtube.com/watch?v=sj_1281song,
Bhojpuri Hits Gem 1282 | Cultural Heritage Series,Various Artists,,225,music,bhojpuri-hits,71.0,https://www.youtube.com/watch?v=sj_1282song,
Bhojpuri Hits Gem 1283 | Cultural Heritage Series,Various Artists,,234,music,bhojpuri-hits,72.0,https://www.youtube.com/watch?v=sj_1283song,
Bhojpuri Hits Gem 1284 | Cultural Heritage Series,Various Artists,,243,music,bhojpuri-hits,73.0,https://www.youtube.com/watch?v=sj_1284song,
Bhojpuri Hits Gem 1285 | Cultural Heritage Series,Various Artists,,252,music,bhojpuri-hits,74.0,https://www.youtube.com/watch?v=sj_1285song,
Bhojpuri Hits Gem 1286 | Cultural Heritage Series,Various Artists,,261,music,bhojpuri-hits,75.0,https://www.youtube.com/watch?v=sj_1286song,
Bhojpuri Hits Gem 1287 | Cultural Heritage Series,Various Artists,,270,music,bhojpuri-hits,76.0,https://www.youtube.com/watch?v=sj_1287song,
Bhojpuri Hits Gem 1288 | Cultural Heritage Series,Various Artists,,279,music,bhojpuri-hits,77.0,https://www.youtube.com/watch?v=sj_1288song,
Bhojpuri Hits Gem 1289 | Cultural Heritage Series,Various Artists,,288,music,bhojpuri-hits,78.0,https://www.youtube.com/watch?v=sj_1289song,
Bhojpuri Hits Gem 1290 | Cultural Heritage Series,Various Artists,,297,music,bhojpuri-hits,79.0,https://www.youtube.com/watch?v=sj_1290song,
Bhojpuri Hits Gem 1291 | Cultural Heritage Series,Various Artists,,306,music,bhojpuri-hits,80.0,https://www.youtube.com/watch?v=sj_1291song,
Bhojpuri Hits Gem 1292 | Cultural Heritage Series,Various Artists,,315,music,bhojpuri-hits,81.0,https://www.youtube.com/watch?v=sj_1292song,
Bhojpuri Hits Gem 1293 | Cultural Heritage Series,Various Artists,,324,music,bhojpuri-hits,82.0,https://www.youtube.com/watch?v=sj_1293song,
Bhojpuri Hits Gem 1294 | Cultural Heritage Series,Various Artists,,333,music,bhojpuri-hits,83.0,https://www.youtube.com/watch?v=sj_1294song,
Bhojpuri Hits Gem 1295 | Cultural Heritage Series,Various Artists,,342,music,bhojpuri-hits,84.0,https://www.youtube.com/watch?v=sj_1295song,
Bhojpuri Hits Gem 1296 | Cultural Heritage Series,Various Artists,,351,music,bhojpuri-hits,85.0,https://www.youtube.com/watch?v=sj_1296song,
Bhojpuri Hits Gem 1297 | Cultural Heritage Series,Various Artists,,180,music,bhojpuri-hits,86.0,https://www.youtube.com/watch?v=sj_1297song,
Bhojpuri Hits Gem 1298 | Cultural Heritage Series,Various Artists,,189,music,bhojpuri-hits,87.0,https://www.youtube.com/watch?v=sj_1298song,
Bhojpuri Hits Gem 1299 | Cultural Heritage Series,Various Artists,,198,music,bhojpuri-hits,88.0,https://www.youtube.com/watch?v=sj_1299song,
Bhojpuri Hits Gem 1300 | Cultural Heritage Series,Various Artists,,207,music,bhojpuri-hits,89.0,https://www.youtube.com/watch?v=sj_1300song,
Bhojpuri Hits Gem 1301 | Cultural Heritage Series,Various Artists,,216,music,bhojpuri-hits,90.0,https://www.youtube.com/watch?v=sj_1301song,
Bhojpuri Hits Gem 1302 | Cultural Heritage Series,Various Artists,,225,music,bhojpuri-hits,91.0,https://www.youtube.com/watch?v=sj_1302song,
Bhojpuri Hits Gem 1303 | Cultural Heritage Series,Various Artists,,234,music,bhojpuri-hits,92.0,https://www.youtube.com/watch?v=sj_1303song,
Bhojpuri Hits Gem 1304 | Cultural Heritage Series,Various Artists,,243,music,bhojpuri-hits,93.0,https://www.youtube.com/watch?v=sj_1304song,
Bhojpuri Hits Gem 1305 | Cultural Heritage Series,Various Artists,,252,music,bhojpuri-hits,94.0,https://www.youtube.com/watch?v=sj_1305song,
Bhojpuri Hits Gem 1306 | Cultural Heritage Series,Various Artists,,261,music,bhojpuri-hits,95.0,https://www.youtube.com/watch?v=sj_1306song,
Bhojpuri Hits Gem 1307 | Cultural Heritage Series,Various Artists,,270,music,bhojpuri-hits,96.0,https://www.youtube.com/watch?v=sj_1307song,
Bhojpuri Hits Gem 1308 | Cultural Heritage Series,Various Artists,,279,music,bhojpuri-hits,97.0,https://www.youtube.com/watch?v=sj_1308song,
Bhojpuri Hits Gem 1309 | Cultural Heritage Series,Various Artists,,288,music,bhojpuri-hits,70.0,https://www.youtube.com/watch?v=sj_1309song,
Bhojpuri Hits Gem 1310 | Cultural Heritage Series,Various Artists,,297,music,bhojpuri-hits,71.0,https://www.youtube.com/watch?v=sj_1310song,
Bhojpuri Hits Gem 1311 | Cultural Heritage Series,Various Artists,,306,music,bhojpuri-hits,72.0,https://www.youtube.com/watch?v=sj_1311song,
Bhojpuri Hits Gem 1312 | Cultural Heritage Series,Various Artists,,315,music,bhojpuri-hits,73.0,https://www.youtube.com/watch?v=sj_1312song,
Bhojpuri Hits Gem 1313 | Cultural Heritage Series,Various Artists,,324,music,bhojpuri-hits,74.0,https://www.youtube.com/watch?v=sj_1313song,
Bhojpuri Hits Gem 1314 | Cultural Heritage Series,Various Artists,,333,music,bhojpuri-hits,75.0,https://www.youtube.com/watch?v=sj_1314song,
Bhojpuri Hits Gem 1315 | Cultural Heritage Series,Various Artists,,342,music,bhojpuri-hits,76.0,https://www.youtube.com/watch?v=sj_1315song,
Bhojpuri Hits Gem 1316 | Cultural Heritage Series,Various Artists,,351,music,bhojpuri-hits,77.0,https://www.youtube.com/watch?v=sj_1316song,
Bhojpuri Hits Gem 1317 | Cultural Heritage Series,Various Artists,,180,music,bhojpuri-hits,78.0,https://www.youtube.com/watch?v=sj_1317song,
Bhojpuri Hits Gem 1318 | Cultural Heritage Series,Various Artists,,189,music,bhojpuri-hits,79.0,https://www.youtube.com/watch?v=sj_1318song,
Bhojpuri Hits Gem 1319 | Cultural Heritage Series,Various Artists,,198,music,bhojpuri-hits,80.0,https://www.youtube.com/watch?v=sj_1319song,
Bhojpuri Hits Gem 1320 | Cultural Heritage Series,Various Artists,,207,music,bhojpuri-hits,81.0,https://www.youtube.com/watch?v=sj_1320song,
Bhojpuri Hits Gem 1321 | Cultural Heritage Series,Various Artists,,216,music,bhojpuri-hits,82.0,https://www.youtube.com/watch?v=sj_1321song,
Bhojpuri Hits Gem 1322 | Cultural Heritage Series,Various Artists,,225,music,bhojpuri-hits,83.0,https://www.youtube.com/watch?v=sj_1322song,
Bhojpuri Hits Gem 1323 | Cultural Heritage Series,Various Artists,,234,music,bhojpuri-hits,84.0,https://www.youtube.com/watch?v=sj_1323song,
Bhojpuri Hits Gem 1324 | Cultural Heritage Series,Various Artists,,243,music,bhojpuri-hits,85.0,https://www.youtube.com/watch?v=sj_1324song,
Bhojpuri Hits Gem 1325 | Cultural Heritage Series,Various Artists,,252,music,bhojpuri-hits,86.0,https://www.youtube.com/watch?v=sj_1325song,
Manbhum Gem 1326 | Cultural Heritage Series,Various Artists,,180,music,manbhum,70.0,https://www.youtube.com/watch?v=sj_1326song,
Manbhum Gem 1327 | Cultural Heritage Series,Various Artists,,189,music,manbhum,71.0,https://www.youtube.com/watch?v=sj_1327song,
Manbhum Gem 1328 | Cultural Heritage Series,Various Artists,,198,music,manbhum,72.0,https://www.youtube.com/watch?v=sj_1328song,
Manbhum Gem 1329 | Cultural Heritage Series,Various Artists,,207,music,manbhum,73.0,https://www.youtube.com/watch?v=sj_1329song,
Manbhum Gem 1330 | Cultural Heritage Series,Various Artists,,216,music,manbhum,74.0,https://www.youtube.com/watch?v=sj_1330song,
Manbhum Gem 1331 | Cultural Heritage Series,Various Artists,,225,music,manbhum,75.0,https://www.youtube.com/watch?v=sj_1331song,
Manbhum Gem 1332 | Cultural Heritage Series,Various Artists,,234,music,manbhum,76.0,https://www.youtube.com/watch?v=sj_1332song,
Manbhum Gem 1333 | Cultural Heritage Series,Various Artists,,243,music,manbhum,77.0,https://www.youtube.com/watch?v=sj_1333song,
Manbhum Gem 1334 | Cultural Heritage Series,Various Artists,,252,music,manbhum,78.0,https://www.youtube.com/watch?v=sj_1334song,
Manbhum Gem 1335 | Cultural Heritage Series,Various Artists,,261,music,manbhum,79.0,https://www.youtube.com/watch?v=sj_1335song,
Manbhum Gem 1336 | Cultural Heritage Series,Various Artists,,270,music,manbhum,80.0,https://www.youtube.com/watch?v=sj_1336song,
Manbhum Gem 1337 | Cultural Heritage Series,Various Artists,,279,music,manbhum,81.0,https://www.youtube.com/watch?v=sj_1337song,
Manbhum Gem 1338 | Cultural Heritage Series,Various Artists,,288,music,manbhum,82.0,https://www.youtube.com/watch?v=sj_1338song,
Manbhum Gem 1339 | Cultural Heritage Series,Various Artists,,297,music,manbhum,83.0,https://www.youtube.com/watch?v=sj_1339song,
Manbhum Gem 1340 | Cultural Heritage Series,Various Artists,,306,music,manbhum,84.0,https://www.youtube.com/watch?v=sj_1340song,
Manbhum Gem 1341 | Cultural Heritage Series,Various Artists,,315,music,manbhum,85.0,https://www.youtube.com/watch?v=sj_1341song,
Manbhum Gem 1342 | Cultural Heritage Series,Various Artists,,324,music,manbhum,86.0,https://www.youtube.com/watch?v=sj_1342song,
Manbhum Gem 1343 | Cultural Heritage Series,Various Artists,,333,music,manbhum,87.0,https://www.youtube.com/watch?v=sj_1343song,
Manbhum Gem 1344 | Cultural Heritage Series,Various Artists,,342,music,manbhum,88.0,https://www.youtube.com/watch?v=sj_1344song,
Manbhum Gem 1345 | Cultural Heritage Series,Various Artists,,351,music,manbhum,89.0,https://www.youtube.com/watch?v=sj_1345song,
Manbhum Gem 1346 | Cultural Heritage Series,Various Artists,,180,music,manbhum,90.0,https://www.youtube.com/watch?v=sj_1346song,
Manbhum Gem 1347 | Cultural Heritage Series,Various Artists,,189,music,manbhum,91.0,https://www.youtube.com/watch?v=sj_1347song,
Manbhum Gem 1348 | Cultural Heritage Series,Various Artists,,198,music,manbhum,92.0,https://www.youtube.com/watch?v=sj_1348song,
Manbhum Gem 1349 | Cultural Heritage Series,Various Artists,,207,music,manbhum,93.0,https://www.youtube.com/watch?v=sj_1349song,
Manbhum Gem 1350 | Cultural Heritage Series,Various Artists,,216,music,manbhum,94.0,https://www.youtube.com/watch?v=sj_1350song,
Manbhum Gem 1351 | Cultural Heritage Series,Various Artists,,225,music,manbhum,95.0,https://www.youtube.com/watch?v=sj_1351song,
Manbhum Gem 1352 | Cultural Heritage Series,Various Artists,,234,music,manbhum,96.0,https://www.youtube.com/watch?v=sj_1352song,
Manbhum Gem 1353 | Cultural Heritage Series,Various Artists,,243,music,manbhum,97.0,https://www.youtube.com/watch?v=sj_1353song,
Manbhum Gem 1354 | Cultural Heritage Series,Various Artists,,252,music,manbhum,70.0,https://www.youtube.com/watch?v=sj_1354song,
Manbhum Gem 1355 | Cultural Heritage Series,Various Artists,,261,music,manbhum,71.0,https://www.youtube.com/watch?v=sj_1355song,
Manbhum Gem 1356 | Cultural Heritage Series,Various Artists,,270,music,manbhum,72.0,https://www.youtube.com/watch?v=sj_1356song,
Manbhum Gem 1357 | Cultural Heritage Series,Various Artists,,279,music,manbhum,73.0,https://www.youtube.com/watch?v=sj_1357song,
Manbhum Gem 1358 | Cultural Heritage Series,Various Artists,,288,music,manbhum,74.0,https://www.youtube.com/watch?v=sj_1358song,
Manbhum Gem 1359 | Cultural Heritage Series,Various Artists,,297,music,manbhum,75.0,https://www.youtube.com/watch?v=sj_1359song,
Manbhum Gem 1360 | Cultural Heritage Series,Various Artists,,306,music,manbhum,76.0,https://www.youtube.com/watch?v=sj_1360song,
Manbhum Gem 1361 | Cultural Heritage Series,Various Artists,,315,music,manbhum,77.0,https://www.youtube.com/watch?v=sj_1361song,
Manbhum Gem 1362 | Cultural Heritage Series,Various Artists,,324,music,manbhum,78.0,https://www.youtube.com/watch?v=sj_1362song,
Manbhum Gem 1363 | Cultural Heritage Series,Various Artists,,333,music,manbhum,79.0,https://www.youtube.com/watch?v=sj_1363song,
Manbhum Gem 1364 | Cultural Heritage Series,Various Artists,,342,music,manbhum,80.0,https://www.youtube.com/watch?v=sj_1364song,
Manbhum Gem 1365 | Cultural Heritage Series,Various Artists,,351,music,manbhum,81.0,https://www.youtube.com/watch?v=sj_1365song,
Manbhum Gem 1366 | Cultural Heritage Series,Various Artists,,180,music,manbhum,82.0,https://www.youtube.com/watch?v=sj_1366song,
Manbhum Gem 1367 | Cultural Heritage Series,Various Artists,,189,music,manbhum,83.0,https://www.youtube.com/watch?v=sj_1367song,
Manbhum Gem 1368 | Cultural Heritage Series,Various Artists,,198,music,manbhum,84.0,https://www.youtube.com/watch?v=sj_1368song,
Manbhum Gem 1369 | Cultural Heritage Series,Various Artists,,207,music,manbhum,85.0,https://www.youtube.com/watch?v=sj_1369song,
Manbhum Gem 1370 | Cultural Heritage Series,Various Artists,,216,music,manbhum,86.0,https://www.youtube.com/watch?v=sj_1370song,
Manbhum Gem 1371 | Cultural Heritage Series,Various Artists,,225,music,manbhum,87.0,https://www.youtube.com/watch?v=sj_1371song,
Manbhum Gem 1372 | Cultural Heritage Series,Various Artists,,234,music,manbhum,88.0,https://www.youtube.com/watch?v=sj_1372song,
Manbhum Gem 1373 | Cultural Heritage Series,Various Artists,,243,music,manbhum,89.0,https://www.youtube.com/watch?v=sj_1373song,
Manbhum Gem 1374 | Cultural Heritage Series,Various Artists,,252,music,manbhum,90.0,https://www.youtube.com/watch?v=sj_1374song,
Manbhum Gem 1375 | Cultural Heritage Series,Various Artists,,261,music,manbhum,91.0,https://www.youtube.com/watch?v=sj_1375song,
Manbhum Gem 1376 | Cultural Heritage Series,Various Artists,,270,music,manbhum,92.0,https://www.youtube.com/watch?v=sj_1376song,
Manbhum Gem 1377 | Cultural Heritage Series,Various Artists,,279,music,manbhum,93.0,https://www.youtube.com/watch?v=sj_1377song,
Manbhum Gem 1378 | Cultural Heritage Series,Various Artists,,288,music,manbhum,94.0,https://www.youtube.com/watch?v=sj_1378song,
Manbhum Gem 1379 | Cultural Heritage Series,Various Artists,,297,music,manbhum,95.0,https://www.youtube.com/watch?v=sj_1379song,
Manbhum Gem 1380 | Cultural Heritage Series,Various Artists,,306,music,manbhum,96.0,https://www.youtube.com/watch?v=sj_1380song,
Manbhum Gem 1381 | Cultural Heritage Series,Various Artists,,315,music,manbhum,97.0,https://www.youtube.com/watch?v=sj_1381song,
Manbhum Gem 1382 | Cultural Heritage Series,Various Artists,,324,music,manbhum,70.0,https://www.youtube.com/watch?v=sj_1382song,
Manbhum Gem 1383 | Cultural Heritage Series,Various Artists,,333,music,manbhum,71.0,https://www.youtube.com/watch?v=sj_1383song,
Manbhum Gem 1384 | Cultural Heritage Series,Various Artists,,342,music,manbhum,72.0,https://www.youtube.com/watch?v=sj_1384song,
Manbhum Gem 1385 | Cultural Heritage Series,Various Artists,,351,music,manbhum,73.0,https://www.youtube.com/watch?v=sj_1385song,
Manbhum Gem 1386 | Cultural Heritage Series,Various Artists,,180,music,manbhum,74.0,https://www.youtube.com/watch?v=sj_1386song,
Manbhum Gem 1387 | Cultural Heritage Series,Various Artists,,189,music,manbhum,75.0,https://www.youtube.com/watch?v=sj_1387song,
Manbhum Gem 1388 | Cultural Heritage Series,Various Artists,,198,music,manbhum,76.0,https://www.youtube.com/watch?v=sj_1388song,
Manbhum Gem 1389 | Cultural Heritage Series,Various Artists,,207,music,manbhum,77.0,https://www.youtube.com/watch?v=sj_1389song,
Manbhum Gem 1390 | Cultural Heritage Series,Various Artists,,216,music,manbhum,78.0,https://www.youtube.com/watch?v=sj_1390song,
Manbhum Gem 1391 | Cultural Heritage Series,Various Artists,,225,music,manbhum,79.0,https://www.youtube.com/watch?v=sj_1391song,
Manbhum Gem 1392 | Cultural Heritage Series,Various Artists,,234,music,manbhum,80.0,https://www.youtube.com/watch?v=sj_1392song,
Manbhum Gem 1393 | Cultural Heritage Series,Various Artists,,243,music,manbhum,81.0,https://www.youtube.com/watch?v=sj_1393song,
Manbhum Gem 1394 | Cultural Heritage Series,Various Artists,,252,music,manbhum,82.0,https://www.youtube.com/watch?v=sj_1394song,
Manbhum Gem 1395 | Cultural Heritage Series,Various Artists,,261,music,manbhum,83.0,https://www.youtube.com/watch?v=sj_1395song,
Manbhum Gem 1396 | Cultural Heritage Series,Various Artists,,270,music,manbhum,84.0,https://www.youtube.com/watch?v=sj_1396song,
Manbhum Gem 1397 | Cultural Heritage Series,Various Artists,,279,music,manbhum,85.0,https://www.youtube.com/watch?v=sj_1397song,
Manbhum Gem 1398 | Cultural Heritage Series,Various Artists,,288,music,manbhum,86.0,https://www.youtube.com/watch?v=sj_1398song,
Manbhum Gem 1399 | Cultural Heritage Series,Various Artists,,297,music,manbhum,87.0,https://www.youtube.com/watch?v=sj_1399song,
Manbhum Gem 1400 | Cultural Heritage Series,Various Artists,,306,music,manbhum,88.0,https://www.youtube.com/watch?v=sj_1400song,
Manbhum Gem 1401 | Cultural Heritage Series,Various Artists,,315,music,manbhum,89.0,https://www.youtube.com/watch?v=sj_1401song,
Manbhum Gem 1402 | Cultural Heritage Series,Various Artists,,324,music,manbhum,90.0,https://www.youtube.com/watch?v=sj_1402song,
Manbhum Gem 1403 | Cultural Heritage Series,Various Artists,,333,music,manbhum,91.0,https://www.youtube.com/watch?v=sj_1403song,
Manbhum Gem 1404 | Cultural Heritage Series,Various Artists,,342,music,manbhum,92.0,https://www.youtube.com/watch?v=sj_1404song,
Manbhum Gem 1405 | Cultural Heritage Series,Various Artists,,351,music,manbhum,93.0,https://www.youtube.com/watch?v=sj_1405song,
Manbhum Gem 1406 | Cultural Heritage Series,Various Artists,,180,music,manbhum,94.0,https://www.youtube.com/watch?v=sj_1406song,
Manbhum Gem 1407 | Cultural Heritage Series,Various Artists,,189,music,manbhum,95.0,https://www.youtube.com/watch?v=sj_1407song,
Manbhum Gem 1408 | Cultural Heritage Series,Various Artists,,198,music,manbhum,96.0,https://www.youtube.com/watch?v=sj_1408song,
Manbhum Gem 1409 | Cultural Heritage Series,Various Artists,,207,music,manbhum,97.0,https://www.youtube.com/watch?v=sj_1409song,
Manbhum Gem 1410 | Cultural Heritage Series,Various Artists,,216,music,manbhum,70.0,https://www.youtube.com/watch?v=sj_1410song,
Manbhum Gem 1411 | Cultural Heritage Series,Various Artists,,225,music,manbhum,71.0,https://www.youtube.com/watch?v=sj_1411song,
Manbhum Gem 1412 | Cultural Heritage Series,Various Artists,,234,music,manbhum,72.0,https://www.youtube.com/watch?v=sj_1412song,
Manbhum Gem 1413 | Cultural Heritage Series,Various Artists,,243,music,manbhum,73.0,https://www.youtube.com/watch?v=sj_1413song,
Manbhum Gem 1414 | Cultural Heritage Series,Various Artists,,252,music,manbhum,74.0,https://www.youtube.com/watch?v=sj_1414song,
Manbhum Gem 1415 | Cultural Heritage Series,Various Artists,,261,music,manbhum,75.0,https://www.youtube.com/watch?v=sj_1415song,
Manbhum Gem 1416 | Cultural Heritage Series,Various Artists,,270,music,manbhum,76.0,https://www.youtube.com/watch?v=sj_1416song,
Manbhum Gem 1417 | Cultural Heritage Series,Various Artists,,279,music,manbhum,77.0,https://www.youtube.com/watch?v=sj_1417song,
Manbhum Gem 1418 | Cultural Heritage Series,Various Artists,,288,music,manbhum,78.0,https://www.youtube.com/watch?v=sj_1418song,
Manbhum Gem 1419 | Cultural Heritage Series,Various Artists,,297,music,manbhum,79.0,https://www.youtube.com/watch?v=sj_1419song,
Manbhum Gem 1420 | Cultural Heritage Series,Various Artists,,306,music,manbhum,80.0,https://www.youtube.com/watch?v=sj_1420song,
Manbhum Gem 1421 | Cultural Heritage Series,Various Artists,,315,music,manbhum,81.0,https://www.youtube.com/watch?v=sj_1421song,
Manbhum Gem 1422 | Cultural Heritage Series,Various Artists,,324,music,manbhum,82.0,https://www.youtube.com/watch?v=sj_1422song,
Manbhum Gem 1423 | Cultural Heritage Series,Various Artists,,333,music,manbhum,83.0,https://www.youtube.com/watch?v=sj_1423song,
Manbhum Gem 1424 | Cultural Heritage Series,Various Artists,,342,music,manbhum,84.0,https://www.youtube.com/watch?v=sj_1424song,
Manbhum Gem 1425 | Cultural Heritage Series,Various Artists,,351,music,manbhum,85.0,https://www.youtube.com/watch?v=sj_1425song,
Manbhum Gem 1426 | Cultural Heritage Series,Various Artists,,180,music,manbhum,86.0,https://www.youtube.com/watch?v=sj_1426song,
Manbhum Gem 1427 | Cultural Heritage Series,Various Artists,,189,music,manbhum,87.0,https://www.youtube.com/watch?v=sj_1427song,
Manbhum Gem 1428 | Cultural Heritage Series,Various Artists,,198,music,manbhum,88.0,https://www.youtube.com/watch?v=sj_1428song,
Manbhum Gem 1429 | Cultural Heritage Series,Various Artists,,207,music,manbhum,89.0,https://www.youtube.com/watch?v=sj_1429song,
Manbhum Gem 1430 | Cultural Heritage Series,Various Artists,,216,music,manbhum,90.0,https://www.youtube.com/watch?v=sj_1430song,
Manbhum Gem 1431 | Cultural Heritage Series,Various Artists,,225,music,manbhum,91.0,https://www.youtube.com/watch?v=sj_1431song,
Manbhum Gem 1432 | Cultural Heritage Series,Various Artists,,234,music,manbhum,92.0,https://www.youtube.com/watch?v=sj_1432song,
Manbhum Gem 1433 | Cultural Heritage Series,Various Artists,,243,music,manbhum,93.0,https://www.youtube.com/watch?v=sj_1433song,
Manbhum Gem 1434 | Cultural Heritage Series,Various Artists,,252,music,manbhum,94.0,https://www.youtube.com/watch?v=sj_1434song,
Manbhum Gem 1435 | Cultural Heritage Series,Various Artists,,261,music,manbhum,95.0,https://www.youtube.com/watch?v=sj_1435song,
Bengali Folk Gem 1436 | Cultural Heritage Series,Various Artists,,180,music,bengali-folk,70.0,https://www.youtube.com/watch?v=sj_1436song,
Bengali Folk Gem 1437 | Cultural Heritage Series,Various Artists,,189,music,bengali-folk,71.0,https://www.youtube.com/watch?v=sj_1437song,
Bengali Folk Gem 1438 | Cultural Heritage Series,Various Artists,,198,music,bengali-folk,72.0,https://www.youtube.com/watch?v=sj_1438song,
Bengali Folk Gem 1439 | Cultural Heritage Series,Various Artists,,207,music,bengali-folk,73.0,https://www.youtube.com/watch?v=sj_1439song,
Bengali Folk Gem 1440 | Cultural Heritage Series,Various Artists,,216,music,bengali-folk,74.0,https://www.youtube.com/watch?v=sj_1440song,
Bengali Folk Gem 1441 | Cultural Heritage Series,Various Artists,,225,music,bengali-folk,75.0,https://www.youtube.com/watch?v=sj_1441song,
Bengali Folk Gem 1442 | Cultural Heritage Series,Various Artists,,234,music,bengali-folk,76.0,https://www.youtube.com/watch?v=sj_1442song,
Bengali Folk Gem 1443 | Cultural Heritage Series,Various Artists,,243,music,bengali-folk,77.0,https://www.youtube.com/watch?v=sj_1443song,
Bengali Folk Gem 1444 | Cultural Heritage Series,Various Artists,,252,music,bengali-folk,78.0,https://www.youtube.com/watch?v=sj_1444song,
Bengali Folk Gem 1445 | Cultural Heritage Series,Various Artists,,261,music,bengali-folk,79.0,https://www.youtube.com/watch?v=sj_1445song,
Bengali Folk Gem 1446 | Cultural Heritage Series,Various Artists,,270,music,bengali-folk,80.0,https://www.youtube.com/watch?v=sj_1446song,
Bengali Folk Gem 1447 | Cultural Heritage Series,Various Artists,,279,music,bengali-folk,81.0,https://www.youtube.com/watch?v=sj_1447song,
Bengali Folk Gem 1448 | Cultural Heritage Series,Various Artists,,288,music,bengali-folk,82.0,https://www.youtube.com/watch?v=sj_1448song,
Bengali Folk Gem 1449 | Cultural Heritage Series,Various Artists,,297,music,bengali-folk,83.0,https://www.youtube.com/watch?v=sj_1449song,
Bengali Folk Gem 1450 | Cultural Heritage Series,Various Artists,,306,music,bengali-folk,84.0,https://www.youtube.com/watch?v=sj_1450song,
Bengali Folk Gem 1451 | Cultural Heritage Series,Various Artists,,315,music,bengali-folk,85.0,https://www.youtube.com/watch?v=sj_1451song,
Bengali Folk Gem 1452 | Cultural Heritage Series,Various Artists,,324,music,bengali-folk,86.0,https://www.youtube.com/watch?v=sj_1452song,
Bengali Folk Gem 1453 | Cultural Heritage Series,Various Artists,,333,music,bengali-folk,87.0,https://www.youtube.com/watch?v=sj_1453song,
Bengali Folk Gem 1454 | Cultural Heritage Series,Various Artists,,342,music,bengali-folk,88.0,https://www.youtube.com/watch?v=sj_1454song,
Bengali Folk Gem 1455 | Cultural Heritage Series,Various Artists,,351,music,bengali-folk,89.0,https://www.youtube.com/watch?v=sj_1455song,
Bengali Folk Gem 1456 | Cultural Heritage Series,Various Artists,,180,music,bengali-folk,90.0,https://www.youtube.com/watch?v=sj_1456song,
Bengali Folk Gem 1457 | Cultural Heritage Series,Various Artists,,189,music,bengali-folk,91.0,https://www.youtube.com/watch?v=sj_1457song,
Bengali Folk Gem 1458 | Cultural Heritage Series,Various Artists,,198,music,bengali-folk,92.0,https://www.youtube.com/watch?v=sj_1458song,
Bengali Folk Gem 1459 | Cultural Heritage Series,Various Artists,,207,music,bengali-folk,93.0,https://www.youtube.com/watch?v=sj_1459song,
Bengali Folk Gem 1460 | Cultural Heritage Series,Various Artists,,216,music,bengali-folk,94.0,https://www.youtube.com/watch?v=sj_1460song,
Bengali Folk Gem 1461 | Cultural Heritage Series,Various Artists,,225,music,bengali-folk,95.0,https://www.youtube.com/watch?v=sj_1461song,
Bengali Folk Gem 1462 | Cultural Heritage Series,Various Artists,,234,music,bengali-folk,96.0,https://www.youtube.com/watch?v=sj_1462song,
Bengali Folk Gem 1463 | Cultural Heritage Series,Various Artists,,243,music,bengali-folk,97.0,https://www.youtube.com/watch?v=sj_1463song,
Bengali Folk Gem 1464 | Cultural Heritage Series,Various Artists,,252,music,bengali-folk,70.0,https://www.youtube.com/watch?v=sj_1464song,
Bengali Folk Gem 1465 | Cultural Heritage Series,Various Artists,,261,music,bengali-folk,71.0,https://www.youtube.com/watch?v=sj_1465song,
Bengali Folk Gem 1466 | Cultural Heritage Series,Various Artists,,270,music,bengali-folk,72.0,https://www.youtube.com/watch?v=sj_1466song,
Bengali Folk Gem 1467 | Cultural Heritage Series,Various Artists,,279,music,bengali-folk,73.0,https://www.youtube.com/watch?v=sj_1467song,
Bengali Folk Gem 1468 | Cultural Heritage Series,Various Artists,,288,music,bengali-folk,74.0,https://www.youtube.com/watch?v=sj_1468song,
Bengali Folk Gem 1469 | Cultural Heritage Series,Various Artists,,297,music,bengali-folk,75.0,https://www.youtube.com/watch?v=sj_1469song,
Bengali Folk Gem 1470 | Cultural Heritage Series,Various Artists,,306,music,bengali-folk,76.0,https://www.youtube.com/watch?v=sj_1470song,
Bengali Folk Gem 1471 | Cultural Heritage Series,Various Artists,,315,music,bengali-folk,77.0,https://www.youtube.com/watch?v=sj_1471song,
Bengali Folk Gem 1472 | Cultural Heritage Series,Various Artists,,324,music,bengali-folk,78.0,https://www.youtube.com/watch?v=sj_1472song,
Bengali Folk Gem 1473 | Cultural Heritage Series,Various Artists,,333,music,bengali-folk,79.0,https://www.youtube.com/watch?v=sj_1473song,
Bengali Folk Gem 1474 | Cultural Heritage Series,Various Artists,,342,music,bengali-folk,80.0,https://www.youtube.com/watch?v=sj_1474song,
Bengali Folk Gem 1475 | Cultural Heritage Series,Various Artists,,351,music,bengali-folk,81.0,https://www.youtube.com/watch?v=sj_1475song,
Bengali Folk Gem 1476 | Cultural Heritage Series,Various Artists,,180,music,bengali-folk,82.0,https://www.youtube.com/watch?v=sj_1476song,
Bengali Folk Gem 1477 | Cultural Heritage Series,Various Artists,,189,music,bengali-folk,83.0,https://www.youtube.com/watch?v=sj_1477song,
Bengali Folk Gem 1478 | Cultural Heritage Series,Various Artists,,198,music,bengali-folk,84.0,https://www.youtube.com/watch?v=sj_1478song,
Bengali Folk Gem 1479 | Cultural Heritage Series,Various Artists,,207,music,bengali-folk,85.0,https://www.youtube.com/watch?v=sj_1479song,
Bengali Folk Gem 1480 | Cultural Heritage Series,Various Artists,,216,music,bengali-folk,86.0,https://www.youtube.com/watch?v=sj_1480song,
Bengali Folk Gem 1481 | Cultural Heritage Series,Various Artists,,225,music,bengali-folk,87.0,https://www.youtube.com/watch?v=sj_1481song,
Bengali Folk Gem 1482 | Cultural Heritage Series,Various Artists,,234,music,bengali-folk,88.0,https://www.youtube.com/watch?v=sj_1482song,
Bengali Folk Gem 1483 | Cultural Heritage Series,Various Artists,,243,music,bengali-folk,89.0,https://www.youtube.com/watch?v=sj_1483song,
Bengali Folk Gem 1484 | Cultural Heritage Series,Various Artists,,252,music,bengali-folk,90.0,https://www.youtube.com/watch?v=sj_1484song,
Bengali Folk Gem 1485 | Cultural Heritage Series,Various Artists,,261,music,bengali-folk,91.0,https://www.youtube.com/watch?v=sj_1485song,
Bengali Folk Gem 1486 | Cultural Heritage Series,Various Artists,,270,music,bengali-folk,92.0,https://www.youtube.com/watch?v=sj_1486song,
Bengali Folk Gem 1487 | Cultural Heritage Series,Various Artists,,279,music,bengali-folk,93.0,https://www.youtube.com/watch?v=sj_1487song,
Bengali Folk Gem 1488 | Cultural Heritage Series,Various Artists,,288,music,bengali-folk,94.0,https://www.youtube.com/watch?v=sj_1488song,
Bengali Folk Gem 1489 | Cultural Heritage Series,Various Artists,,297,music,bengali-folk,95.0,https://www.youtube.com/watch?v=sj_1489song,
Bengali Folk Gem 1490 | Cultural Heritage Series,Various Artists,,306,music,bengali-folk,96.0,https://www.youtube.com/watch?v=sj_1490song,
Bengali Folk Gem 1491 | Cultural Heritage Series,Various Artists,,315,music,bengali-folk,97.0,https://www.youtube.com/watch?v=sj_1491song,
Bengali Folk Gem 1492 | Cultural Heritage Series,Various Artists,,324,music,bengali-folk,70.0,https://www.youtube.com/watch?v=sj_1492song,
Bengali Folk Gem 1493 | Cultural Heritage Series,Various Artists,,333,music,bengali-folk,71.0,https://www.youtube.com/watch?v=sj_1493song,
Bengali Folk Gem 1494 | Cultural Heritage Series,Various Artists,,342,music,bengali-folk,72.0,https://www.youtube.com/watch?v=sj_1494song,
Bengali Folk Gem 1495 | Cultural Heritage Series,Various Artists,,351,music,bengali-folk,73.0,https://www.youtube.com/watch?v=sj_1495song,
Bengali Folk Gem 1496 | Cultural Heritage Series,Various Artists,,180,music,bengali-folk,74.0,https://www.youtube.com/watch?v=sj_1496song,
Bengali Folk Gem 1497 | Cultural Heritage Series,Various Artists,,189,music,bengali-folk,75.0,https://www.youtube.com/watch?v=sj_1497song,
Bengali Folk Gem 1498 | Cultural Heritage Series,Various Artists,,198,music,bengali-folk,76.0,https://www.youtube.com/watch?v=sj_1498song,
Bengali Folk Gem 1499 | Cultural Heritage Series,Various Artists,,207,music,bengali-folk,77.0,https://www.youtube.com/watch?v=sj_1499song,
Bengali Folk Gem 1500 | Cultural Heritage Series,Various Artists,,216,music,bengali-folk,78.0,https://www.youtube.com/watch?v=sj_1500song,
Bengali Folk Gem 1501 | Cultural Heritage Series,Various Artists,,225,music,bengali-folk,79.0,https://www.youtube.com/watch?v=sj_1501song,
Bengali Folk Gem 1502 | Cultural Heritage Series,Various Artists,,234,music,bengali-folk,80.0,https://www.youtube.com/watch?v=sj_1502song,
Bengali Folk Gem 1503 | Cultural Heritage Series,Various Artists,,243,music,bengali-folk,81.0,https://www.youtube.com/watch?v=sj_1503song,
Bengali Folk Gem 1504 | Cultural Heritage Series,Various Artists,,252,music,bengali-folk,82.0,https://www.youtube.com/watch?v=sj_1504song,
Bengali Folk Gem 1505 | Cultural Heritage Series,Various Artists,,261,music,bengali-folk,83.0,https://www.youtube.com/watch?v=sj_1505song,
Bengali Folk Gem 1506 | Cultural Heritage Series,Various Artists,,270,music,bengali-folk,84.0,https://www.youtube.com/watch?v=sj_1506song,
Bengali Folk Gem 1507 | Cultural Heritage Series,Various Artists,,279,music,bengali-folk,85.0,https://www.youtube.com/watch?v=sj_1507song,
Bengali Folk Gem 1508 | Cultural Heritage Series,Various Artists,,288,music,bengali-folk,86.0,https://www.youtube.com/watch?v=sj_1508song,
Bengali Folk Gem 1509 | Cultural Heritage Series,Various Artists,,297,music,bengali-folk,87.0,https://www.youtube.com/watch?v=sj_1509song,
Bengali Folk Gem 1510 | Cultural Heritage Series,Various Artists,,306,music,bengali-folk,88.0,https://www.youtube.com/watch?v=sj_1510song,
Bengali Folk Gem 1511 | Cultural Heritage Series,Various Artists,,315,music,bengali-folk,89.0,https://www.youtube.com/watch?v=sj_1511song,
Bengali Folk Gem 1512 | Cultural Heritage Series,Various Artists,,324,music,bengali-folk,90.0,https://www.youtube.com/watch?v=sj_1512song,
Bengali Folk Gem 1513 | Cultural Heritage Series,Various Artists,,333,music,bengali-folk,91.0,https://www.youtube.com/watch?v=sj_1513song,
Bengali Folk Gem 1514 | Cultural Heritage Series,Various Artists,,342,music,bengali-folk,92.0,https://www.youtube.com/watch?v=sj_1514song,
Bengali Folk Gem 1515 | Cultural Heritage Series,Various Artists,,351,music,bengali-folk,93.0,https://www.youtube.com/watch?v=sj_1515song,
Bengali Folk Gem 1516 | Cultural Heritage Series,Various Artists,,180,music,bengali-folk,94.0,https://www.youtube.com/watch?v=sj_1516song,
Bengali Folk Gem 1517 | Cultural Heritage Series,Various Artists,,189,music,bengali-folk,95.0,https://www.youtube.com/watch?v=sj_1517song,
Bengali Folk Gem 1518 | Cultural Heritage Series,Various Artists,,198,music,bengali-folk,96.0,https://www.youtube.com/watch?v=sj_1518song,
Bengali Folk Gem 1519 | Cultural Heritage Series,Various Artists,,207,music,bengali-folk,97.0,https://www.youtube.com/watch?v=sj_1519song,
Hindi Evergreen Gem 1520 | Cultural Heritage Series,Various Artists,,180,music,hindi-evergreen,70.0,https://www.youtube.com/watch?v=sj_1520song,
Hindi Evergreen Gem 1521 | Cultural Heritage Series,Various Artists,,189,music,hindi-evergreen,71.0,https://www.youtube.com/watch?v=sj_1521song,
Hindi Evergreen Gem 1522 | Cultural Heritage Series,Various Artists,,198,music,hindi-evergreen,72.0,https://www.youtube.com/watch?v=sj_1522song,
Hindi Evergreen Gem 1523 | Cultural Heritage Series,Various Artists,,207,music,hindi-evergreen,73.0,https://www.youtube.com/watch?v=sj_1523song,
Hindi Evergreen Gem 1524 | Cultural Heritage Series,Various Artists,,216,music,hindi-evergreen,74.0,https://www.youtube.com/watch?v=sj_1524song,
Hindi Evergreen Gem 1525 | Cultural Heritage Series,Various Artists,,225,music,hindi-evergreen,75.0,https://www.youtube.com/watch?v=sj_1525song,
Hindi Evergreen Gem 1526 | Cultural Heritage Series,Various Artists,,234,music,hindi-evergreen,76.0,https://www.youtube.com/watch?v=sj_1526song,
Hindi Evergreen Gem 1527 | Cultural Heritage Series,Various Artists,,243,music,hindi-evergreen,77.0,https://www.youtube.com/watch?v=sj_1527song,
Hindi Evergreen Gem 1528 | Cultural Heritage Series,Various Artists,,252,music,hindi-evergreen,78.0,https://www.youtube.com/watch?v=sj_1528song,
Hindi Evergreen Gem 1529 | Cultural Heritage Series,Various Artists,,261,music,hindi-evergreen,79.0,https://www.youtube.com/watch?v=sj_1529song,
Hindi Evergreen Gem 1530 | Cultural Heritage Series,Various Artists,,270,music,hindi-evergreen,80.0,https://www.youtube.com/watch?v=sj_1530song,
Hindi Evergreen Gem 1531 | Cultural Heritage Series,Various Artists,,279,music,hindi-evergreen,81.0,https://www.youtube.com/watch?v=sj_1531song,
Hindi Evergreen Gem 1532 | Cultural Heritage Series,Various Artists,,288,music,hindi-evergreen,82.0,https://www.youtube.com/watch?v=sj_1532song,
Hindi Evergreen Gem 1533 | Cultural Heritage Series,Various Artists,,297,music,hindi-evergreen,83.0,https://www.youtube.com/watch?v=sj_1533song,
Hindi Evergreen Gem 1534 | Cultural Heritage Series,Various Artists,,306,music,hindi-evergreen,84.0,https://www.youtube.com/watch?v=sj_1534song,
Hindi Evergreen Gem 1535 | Cultural Heritage Series,Various Artists,,315,music,hindi-evergreen,85.0,https://www.youtube.com/watch?v=sj_1535song,
Hindi Evergreen Gem 1536 | Cultural Heritage Series,Various Artists,,324,music,hindi-evergreen,86.0,https://www.youtube.com/watch?v=sj_1536song,
Hindi Evergreen Gem 1537 | Cultural Heritage Series,Various Artists,,333,music,hindi-evergreen,87.0,https://www.youtube.com/watch?v=sj_1537song,
Hindi Evergreen Gem 1538 | Cultural Heritage Series,Various Artists,,342,music,hindi-evergreen,88.0,https://www.youtube.com/watch?v=sj_1538song,
Hindi Evergreen Gem 1539 | Cultural Heritage Series,Various Artists,,351,music,hindi-evergreen,89.0,https://www.youtube.com/watch?v=sj_1539song,
Hindi Evergreen Gem 1540 | Cultural Heritage Series,Various Artists,,180,music,hindi-evergreen,90.0,https://www.youtube.com/watch?v=sj_1540song,
Hindi Evergreen Gem 1541 | Cultural Heritage Series,Various Artists,,189,music,hindi-evergreen,91.0,https://www.youtube.com/watch?v=sj_1541song,
Hindi Evergreen Gem 1542 | Cultural Heritage Series,Various Artists,,198,music,hindi-evergreen,92.0,https://www.youtube.com/watch?v=sj_1542song,
Hindi Evergreen Gem 1543 | Cultural Heritage Series,Various Artists,,207,music,hindi-evergreen,93.0,https://www.youtube.com/watch?v=sj_1543song,
Hindi Evergreen Gem 1544 | Cultural Heritage Series,Various Artists,,216,music,hindi-evergreen,94.0,https://www.youtube.com/watch?v=sj_1544song,
Hindi Evergreen Gem 1545 | Cultural Heritage Series,Various Artists,,225,music,hindi-evergreen,95.0,https://www.youtube.com/watch?v=sj_1545song,
Hindi Evergreen Gem 1546 | Cultural Heritage Series,Various Artists,,234,music,hindi-evergreen,96.0,https://www.youtube.com/watch?v=sj_1546song,
Hindi Evergreen Gem 1547 | Cultural Heritage Series,Various Artists,,243,music,hindi-evergreen,97.0,https://www.youtube.com/watch?v=sj_1547song,
Hindi Evergreen Gem 1548 | Cultural Heritage Series,Various Artists,,252,music,hindi-evergreen,70.0,https://www.youtube.com/watch?v=sj_1548song,
Hindi Evergreen Gem 1549 | Cultural Heritage Series,Various Artists,,261,music,hindi-evergreen,71.0,https://www.youtube.com/watch?v=sj_1549song,
Hindi Evergreen Gem 1550 | Cultural Heritage Series,Various Artists,,270,music,hindi-evergreen,72.0,https://www.youtube.com/watch?v=sj_1550song,
Hindi Evergreen Gem 1551 | Cultural Heritage Series,Various Artists,,279,music,hindi-evergreen,73.0,https://www.youtube.com/watch?v=sj_1551song,
Hindi Evergreen Gem 1552 | Cultural Heritage Series,Various Artists,,288,music,hindi-evergreen,74.0,https://www.youtube.com/watch?v=sj_1552song,
Hindi Evergreen Gem 1553 | Cultural Heritage Series,Various Artists,,297,music,hindi-evergreen,75.0,https://www.youtube.com/watch?v=sj_1553song,
Hindi Evergreen Gem 1554 | Cultural Heritage Series,Various Artists,,306,music,hindi-evergreen,76.0,https://www.youtube.com/watch?v=sj_1554song,
Hindi Evergreen Gem 1555 | Cultural Heritage Series,Various Artists,,315,music,hindi-evergreen,77.0,https://www.youtube.com/watch?v=sj_1555song,
Hindi Evergreen Gem 1556 | Cultural Heritage Series,Various Artists,,324,music,hindi-evergreen,78.0,https://www.youtube.com/watch?v=sj_1556song,
Hindi Evergreen Gem 1557 | Cultural Heritage Series,Various Artists,,333,music,hindi-evergreen,79.0,https://www.youtube.com/watch?v=sj_1557song,
Hindi Evergreen Gem 1558 | Cultural Heritage Series,Various Artists,,342,music,hindi-evergreen,80.0,https://www.youtube.com/watch?v=sj_1558song,
Hindi Evergreen Gem 1559 | Cultural Heritage Series,Various Artists,,351,music,hindi-evergreen,81.0,https://www.youtube.com/watch?v=sj_1559song,
Hindi Evergreen Gem 1560 | Cultural Heritage Series,Various Artists,,180,music,hindi-evergreen,82.0,https://www.youtube.com/watch?v=sj_1560song,
Hindi Evergreen Gem 1561 | Cultural Heritage Series,Various Artists,,189,music,hindi-evergreen,83.0,https://www.youtube.com/watch?v=sj_1561song,
Hindi Evergreen Gem 1562 | Cultural Heritage Series,Various Artists,,198,music,hindi-evergreen,84.0,https://www.youtube.com/watch?v=sj_1562song,
Hindi Evergreen Gem 1563 | Cultural Heritage Series,Various Artists,,207,music,hindi-evergreen,85.0,https://www.youtube.com/watch?v=sj_1563song,
Hindi Evergreen Gem 1564 | Cultural Heritage Series,Various Artists,,216,music,hindi-evergreen,86.0,https://www.youtube.com/watch?v=sj_1564song,
Hindi Evergreen Gem 1565 | Cultural Heritage Series,Various Artists,,225,music,hindi-evergreen,87.0,https://www.youtube.com/watch?v=sj_1565song,
Hindi Evergreen Gem 1566 | Cultural Heritage Series,Various Artists,,234,music,hindi-evergreen,88.0,https://www.youtube.com/watch?v=sj_1566song,
Hindi Evergreen Gem 1567 | Cultural Heritage Series,Various Artists,,243,music,hindi-evergreen,89.0,https://www.youtube.com/watch?v=sj_1567song,
Hindi Evergreen Gem 1568 | Cultural Heritage Series,Various Artists,,252,music,hindi-evergreen,90.0,https://www.youtube.com/watch?v=sj_1568song,
Hindi Evergreen Gem 1569 | Cultural Heritage Series,Various Artists,,261,music,hindi-evergreen,91.0,https://www.youtube.com/watch?v=sj_1569song,
Hindi Evergreen Gem 1570 | Cultural Heritage Series,Various Artists,,270,music,hindi-evergreen,92.0,https://www.youtube.com/watch?v=sj_1570song,
Hindi Evergreen Gem 1571 | Cultural Heritage Series,Various Artists,,279,music,hindi-evergreen,93.0,https://www.youtube.com/watch?v=sj_1571song,
Hindi Evergreen Gem 1572 | Cultural Heritage Series,Various Artists,,288,music,hindi-evergreen,94.0,https://www.youtube.com/watch?v=sj_1572song,
Hindi Evergreen Gem 1573 | Cultural Heritage Series,Various Artists,,297,music,hindi-evergreen,95.0,https://www.youtube.com/watch?v=sj_1573song,
Hindi Evergreen Gem 1574 | Cultural Heritage Series,Various Artists,,306,music,hindi-evergreen,96.0,https://www.youtube.com/watch?v=sj_1574song,
Hindi Evergreen Gem 1575 | Cultural Heritage Series,Various Artists,,315,music,hindi-evergreen,97.0,https://www.youtube.com/watch?v=sj_1575song,
Hindi Evergreen Gem 1576 | Cultural Heritage Series,Various Artists,,324,music,hindi-evergreen,70.0,https://www.youtube.com/watch?v=sj_1576song,
Hindi Evergreen Gem 1577 | Cultural Heritage Series,Various Artists,,333,music,hindi-evergreen,71.0,https://www.youtube.com/watch?v=sj_1577song,
Hindi Evergreen Gem 1578 | Cultural Heritage Series,Various Artists,,342,music,hindi-evergreen,72.0,https://www.youtube.com/watch?v=sj_1578song,
Hindi Evergreen Gem 1579 | Cultural Heritage Series,Various Artists,,351,music,hindi-evergreen,73.0,https://www.youtube.com/watch?v=sj_1579song,
Hindi Evergreen Gem 1580 | Cultural Heritage Series,Various Artists,,180,music,hindi-evergreen,74.0,https://www.youtube.com/watch?v=sj_1580song,
Hindi Evergreen Gem 1581 | Cultural Heritage Series,Various Artists,,189,music,hindi-evergreen,75.0,https://www.youtube.com/watch?v=sj_1581song,
Hindi Evergreen Gem 1582 | Cultural Heritage Series,Various Artists,,198,music,hindi-evergreen,76.0,https://www.youtube.com/watch?v=sj_1582song,
Hindi Evergreen Gem 1583 | Cultural Heritage Series,Various Artists,,207,music,hindi-evergreen,77.0,https://www.youtube.com/watch?v=sj_1583song,
Hindi Evergreen Gem 1584 | Cultural Heritage Series,Various Artists,,216,music,hindi-evergreen,78.0,https://www.youtube.com/watch?v=sj_1584song,
Hindi Evergreen Gem 1585 | Cultural Heritage Series,Various Artists,,225,music,hindi-evergreen,79.0,https://www.youtube.com/watch?v=sj_1585song,
Hindi Evergreen Gem 1586 | Cultural Heritage Series,Various Artists,,234,music,hindi-evergreen,80.0,https://www.youtube.com/watch?v=sj_1586song,
Hindi Evergreen Gem 1587 | Cultural Heritage Series,Various Artists,,243,music,hindi-evergreen,81.0,https://www.youtube.com/watch?v=sj_1587song,
Hindi Evergreen Gem 1588 | Cultural Heritage Series,Various Artists,,252,music,hindi-evergreen,82.0,https://www.youtube.com/watch?v=sj_1588song,
Hindi Evergreen Gem 1589 | Cultural Heritage Series,Various Artists,,261,music,hindi-evergreen,83.0,https://www.youtube.com/watch?v=sj_1589song,
Hindi Evergreen Gem 1590 | Cultural Heritage Series,Various Artists,,270,music,hindi-evergreen,84.0,https://www.youtube.com/watch?v=sj_1590song,
Hindi Evergreen Gem 1591 | Cultural Heritage Series,Various Artists,,279,music,hindi-evergreen,85.0,https://www.youtube.com/watch?v=sj_1591song,
Hindi Evergreen Gem 1592 | Cultural Heritage Series,Various Artists,,288,music,hindi-evergreen,86.0,https://www.youtube.com/watch?v=sj_1592song,
Hindi Evergreen Gem 1593 | Cultural Heritage Series,Various Artists,,297,music,hindi-evergreen,87.0,https://www.youtube.com/watch?v=sj_1593song,
Hindi Evergreen Gem 1594 | Cultural Heritage Series,Various Artists,,306,music,hindi-evergreen,88.0,https://www.youtube.com/watch?v=sj_1594song,
Hindi Evergreen Gem 1595 | Cultural Heritage Series,Various Artists,,315,music,hindi-evergreen,89.0,https://www.youtube.com/watch?v=sj_1595song,
Hindi Evergreen Gem 1596 | Cultural Heritage Series,Various Artists,,324,music,hindi-evergreen,90.0,https://www.youtube.com/watch?v=sj_1596song,
Hindi Evergreen Gem 1597 | Cultural Heritage Series,Various Artists,,333,music,hindi-evergreen,91.0,https://www.youtube.com/watch?v=sj_1597song,
Hindi Evergreen Gem 1598 | Cultural Heritage Series,Various Artists,,342,music,hindi-evergreen,92.0,https://www.youtube.com/watch?v=sj_1598song,
Hindi Evergreen Gem 1599 | Cultural Heritage Series,Various Artists,,351,music,hindi-evergreen,93.0,https://www.youtube.com/watch?v=sj_1599song,
Hindi Evergreen Gem 1600 | Cultural Heritage Series,Various Artists,,180,music,hindi-evergreen,94.0,https://www.youtube.com/watch?v=sj_1600song,
Hindi Evergreen Gem 1601 | Cultural Heritage Series,Various Artists,,189,music,hindi-evergreen,95.0,https://www.youtube.com/watch?v=sj_1601song,
Hindi Evergreen Gem 1602 | Cultural Heritage Series,Various Artists,,198,music,hindi-evergreen,96.0,https://www.youtube.com/watch?v=sj_1602song,
Hindi Evergreen Gem 1603 | Cultural Heritage Series,Various Artists,,207,music,hindi-evergreen,97.0,https://www.youtube.com/watch?v=sj_1603song,
Hindi Evergreen Gem 1604 | Cultural Heritage Series,Various Artists,,216,music,hindi-evergreen,70.0,https://www.youtube.com/watch?v=sj_1604song,
Hindi Evergreen Gem 1605 | Cultural Heritage Series,Various Artists,,225,music,hindi-evergreen,71.0,https://www.youtube.com/watch?v=sj_1605song,
Hindi Evergreen Gem 1606 | Cultural Heritage Series,Various Artists,,234,music,hindi-evergreen,72.0,https://www.youtube.com/watch?v=sj_1606song,
Hindi Evergreen Gem 1607 | Cultural Heritage Series,Various Artists,,243,music,hindi-evergreen,73.0,https://www.youtube.com/watch?v=sj_1607song,
Hindi Evergreen Gem 1608 | Cultural Heritage Series,Various Artists,,252,music,hindi-evergreen,74.0,https://www.youtube.com/watch?v=sj_1608song,
Hindi Evergreen Gem 1609 | Cultural Heritage Series,Various Artists,,261,music,hindi-evergreen,75.0,https://www.youtube.com/watch?v=sj_1609song,
Hindi Evergreen Gem 1610 | Cultural Heritage Series,Various Artists,,270,music,hindi-evergreen,76.0,https://www.youtube.com/watch?v=sj_1610song,
Hindi Evergreen Gem 1611 | Cultural Heritage Series,Various Artists,,279,music,hindi-evergreen,77.0,https://www.youtube.com/watch?v=sj_1611song,
Hindi Evergreen Gem 1612 | Cultural Heritage Series,Various Artists,,288,music,hindi-evergreen,78.0,https://www.youtube.com/watch?v=sj_1612song,
Hindi Evergreen Gem 1613 | Cultural Heritage Series,Various Artists,,297,music,hindi-evergreen,79.0,https://www.youtube.com/watch?v=sj_1613song,
Hindi Evergreen Gem 1614 | Cultural Heritage Series,Various Artists,,306,music,hindi-evergreen,80.0,https://www.youtube.com/watch?v=sj_1614song,
Hindi Evergreen Gem 1615 | Cultural Heritage Series,Various Artists,,315,music,hindi-evergreen,81.0,https://www.youtube.com/watch?v=sj_1615song,
Hindi Evergreen Gem 1616 | Cultural Heritage Series,Various Artists,,324,music,hindi-evergreen,82.0,https://www.youtube.com/watch?v=sj_1616song,
Hindi Evergreen Gem 1617 | Cultural Heritage Series,Various Artists,,333,music,hindi-evergreen,83.0,https://www.youtube.com/watch?v=sj_1617song,
Hindi Evergreen Gem 1618 | Cultural Heritage Series,Various Artists,,342,music,hindi-evergreen,84.0,https://www.youtube.com/watch?v=sj_1618song,
Durga Pujo Special Gem 1619 | Cultural Heritage Series,Various Artists,,180,music,durga-pujo-special,70.0,https://www.youtube.com/watch?v=sj_1619song,
Durga Pujo Special Gem 1620 | Cultural Heritage Series,Various Artists,,189,music,durga-pujo-special,71.0,https://www.youtube.com/watch?v=sj_1620song,
Durga Pujo Special Gem 1621 | Cultural Heritage Series,Various Artists,,198,music,durga-pujo-special,72.0,https://www.youtube.com/watch?v=sj_1621song,
Durga Pujo Special Gem 1622 | Cultural Heritage Series,Various Artists,,207,music,durga-pujo-special,73.0,https://www.youtube.com/watch?v=sj_1622song,
Durga Pujo Special Gem 1623 | Cultural Heritage Series,Various Artists,,216,music,durga-pujo-special,74.0,https://www.youtube.com/watch?v=sj_1623song,
Durga Pujo Special Gem 1624 | Cultural Heritage Series,Various Artists,,225,music,durga-pujo-special,75.0,https://www.youtube.com/watch?v=sj_1624song,
Durga Pujo Special Gem 1625 | Cultural Heritage Series,Various Artists,,234,music,durga-pujo-special,76.0,https://www.youtube.com/watch?v=sj_1625song,
Durga Pujo Special Gem 1626 | Cultural Heritage Series,Various Artists,,243,music,durga-pujo-special,77.0,https://www.youtube.com/watch?v=sj_1626song,
Durga Pujo Special Gem 1627 | Cultural Heritage Series,Various Artists,,252,music,durga-pujo-special,78.0,https://www.youtube.com/watch?v=sj_1627song,
Durga Pujo Special Gem 1628 | Cultural Heritage Series,Various Artists,,261,music,durga-pujo-special,79.0,https://www.youtube.com/watch?v=sj_1628song,
Durga Pujo Special Gem 1629 | Cultural Heritage Series,Various Artists,,270,music,durga-pujo-special,80.0,https://www.youtube.com/watch?v=sj_1629song,
Durga Pujo Special Gem 1630 | Cultural Heritage Series,Various Artists,,279,music,durga-pujo-special,81.0,https://www.youtube.com/watch?v=sj_1630song,
Durga Pujo Special Gem 1631 | Cultural Heritage Series,Various Artists,,288,music,durga-pujo-special,82.0,https://www.youtube.com/watch?v=sj_1631song,
Durga Pujo Special Gem 1632 | Cultural Heritage Series,Various Artists,,297,music,durga-pujo-special,83.0,https://www.youtube.com/watch?v=sj_1632song,
Durga Pujo Special Gem 1633 | Cultural Heritage Series,Various Artists,,306,music,durga-pujo-special,84.0,https://www.youtube.com/watch?v=sj_1633song,
Durga Pujo Special Gem 1634 | Cultural Heritage Series,Various Artists,,315,music,durga-pujo-special,85.0,https://www.youtube.com/watch?v=sj_1634song,
Durga Pujo Special Gem 1635 | Cultural Heritage Series,Various Artists,,324,music,durga-pujo-special,86.0,https://www.youtube.com/watch?v=sj_1635song,
Durga Pujo Special Gem 1636 | Cultural Heritage Series,Various Artists,,333,music,durga-pujo-special,87.0,https://www.youtube.com/watch?v=sj_1636song,
Durga Pujo Special Gem 1637 | Cultural Heritage Series,Various Artists,,342,music,durga-pujo-special,88.0,https://www.youtube.com/watch?v=sj_1637song,
Durga Pujo Special Gem 1638 | Cultural Heritage Series,Various Artists,,351,music,durga-pujo-special,89.0,https://www.youtube.com/watch?v=sj_1638song,
Durga Pujo Special Gem 1639 | Cultural Heritage Series,Various Artists,,180,music,durga-pujo-special,90.0,https://www.youtube.com/watch?v=sj_1639song,
Durga Pujo Special Gem 1640 | Cultural Heritage Series,Various Artists,,189,music,durga-pujo-special,91.0,https://www.youtube.com/watch?v=sj_1640song,
Durga Pujo Special Gem 1641 | Cultural Heritage Series,Various Artists,,198,music,durga-pujo-special,92.0,https://www.youtube.com/watch?v=sj_1641song,
Durga Pujo Special Gem 1642 | Cultural Heritage Series,Various Artists,,207,music,durga-pujo-special,93.0,https://www.youtube.com/watch?v=sj_1642song,
Durga Pujo Special Gem 1643 | Cultural Heritage Series,Various Artists,,216,music,durga-pujo-special,94.0,https://www.youtube.com/watch?v=sj_1643song,
Durga Pujo Special Gem 1644 | Cultural Heritage Series,Various Artists,,225,music,durga-pujo-special,95.0,https://www.youtube.com/watch?v=sj_1644song,
Durga Pujo Special Gem 1645 | Cultural Heritage Series,Various Artists,,234,music,durga-pujo-special,96.0,https://www.youtube.com/watch?v=sj_1645song,
Durga Pujo Special Gem 1646 | Cultural Heritage Series,Various Artists,,243,music,durga-pujo-special,97.0,https://www.youtube.com/watch?v=sj_1646song,
Durga Pujo Special Gem 1647 | Cultural Heritage Series,Various Artists,,252,music,durga-pujo-special,70.0,https://www.youtube.com/watch?v=sj_1647song,
Durga Pujo Special Gem 1648 | Cultural Heritage Series,Various Artists,,261,music,durga-pujo-special,71.0,https://www.youtube.com/watch?v=sj_1648song,
Durga Pujo Special Gem 1649 | Cultural Heritage Series,Various Artists,,270,music,durga-pujo-special,72.0,https://www.youtube.com/watch?v=sj_1649song,
Durga Pujo Special Gem 1650 | Cultural Heritage Series,Various Artists,,279,music,durga-pujo-special,73.0,https://www.youtube.com/watch?v=sj_1650song,
Durga Pujo Special Gem 1651 | Cultural Heritage Series,Various Artists,,288,music,durga-pujo-special,74.0,https://www.youtube.com/watch?v=sj_1651song,
Durga Pujo Special Gem 1652 | Cultural Heritage Series,Various Artists,,297,music,durga-pujo-special,75.0,https://www.youtube.com/watch?v=sj_1652song,
Durga Pujo Special Gem 1653 | Cultural Heritage Series,Various Artists,,306,music,durga-pujo-special,76.0,https://www.youtube.com/watch?v=sj_1653song,
Durga Pujo Special Gem 1654 | Cultural Heritage Series,Various Artists,,315,music,durga-pujo-special,77.0,https://www.youtube.com/watch?v=sj_1654song,
Durga Pujo Special Gem 1655 | Cultural Heritage Series,Various Artists,,324,music,durga-pujo-special,78.0,https://www.youtube.com/watch?v=sj_1655song,
Durga Pujo Special Gem 1656 | Cultural Heritage Series,Various Artists,,333,music,durga-pujo-special,79.0,https://www.youtube.com/watch?v=sj_1656song,
Durga Pujo Special Gem 1657 | Cultural Heritage Series,Various Artists,,342,music,durga-pujo-special,80.0,https://www.youtube.com/watch?v=sj_1657song,
Durga Pujo Special Gem 1658 | Cultural Heritage Series,Various Artists,,351,music,durga-pujo-special,81.0,https://www.youtube.com/watch?v=sj_1658song,
Durga Pujo Special Gem 1659 | Cultural Heritage Series,Various Artists,,180,music,durga-pujo-special,82.0,https://www.youtube.com/watch?v=sj_1659song,
Durga Pujo Special Gem 1660 | Cultural Heritage Series,Various Artists,,189,music,durga-pujo-special,83.0,https://www.youtube.com/watch?v=sj_1660song,
Durga Pujo Special Gem 1661 | Cultural Heritage Series,Various Artists,,198,music,durga-pujo-special,84.0,https://www.youtube.com/watch?v=sj_1661song,
Durga Pujo Special Gem 1662 | Cultural Heritage Series,Various Artists,,207,music,durga-pujo-special,85.0,https://www.youtube.com/watch?v=sj_1662song,
Durga Pujo Special Gem 1663 | Cultural Heritage Series,Various Artists,,216,music,durga-pujo-special,86.0,https://www.youtube.com/watch?v=sj_1663song,
Durga Pujo Special Gem 1664 | Cultural Heritage Series,Various Artists,,225,music,durga-pujo-special,87.0,https://www.youtube.com/watch?v=sj_1664song,
Durga Pujo Special Gem 1665 | Cultural Heritage Series,Various Artists,,234,music,durga-pujo-special,88.0,https://www.youtube.com/watch?v=sj_1665song,
Durga Pujo Special Gem 1666 | Cultural Heritage Series,Various Artists,,243,music,durga-pujo-special,89.0,https://www.youtube.com/watch?v=sj_1666song,
Durga Pujo Special Gem 1667 | Cultural Heritage Series,Various Artists,,252,music,durga-pujo-special,90.0,https://www.youtube.com/watch?v=sj_1667song,
Durga Pujo Special Gem 1668 | Cultural Heritage Series,Various Artists,,261,music,durga-pujo-special,91.0,https://www.youtube.com/watch?v=sj_1668song,
Durga Pujo Special Gem 1669 | Cultural Heritage Series,Various Artists,,270,music,durga-pujo-special,92.0,https://www.youtube.com/watch?v=sj_1669song,
Durga Pujo Special Gem 1670 | Cultural Heritage Series,Various Artists,,279,music,durga-pujo-special,93.0,https://www.youtube.com/watch?v=sj_1670song,
Durga Pujo Special Gem 1671 | Cultural Heritage Series,Various Artists,,288,music,durga-pujo-special,94.0,https://www.youtube.com/watch?v=sj_1671song,
Durga Pujo Special Gem 1672 | Cultural Heritage Series,Various Artists,,297,music,durga-pujo-special,95.0,https://www.youtube.com/watch?v=sj_1672song,
Durga Pujo Special Gem 1673 | Cultural Heritage Series,Various Artists,,306,music,durga-pujo-special,96.0,https://www.youtube.com/watch?v=sj_1673song,
Durga Pujo Special Gem 1674 | Cultural Heritage Series,Various Artists,,315,music,durga-pujo-special,97.0,https://www.youtube.com/watch?v=sj_1674song,
Durga Pujo Special Gem 1675 | Cultural Heritage Series,Various Artists,,324,music,durga-pujo-special,70.0,https://www.youtube.com/watch?v=sj_1675song,
Durga Pujo Special Gem 1676 | Cultural Heritage Series,Various Artists,,333,music,durga-pujo-special,71.0,https://www.youtube.com/watch?v=sj_1676song,
Durga Pujo Special Gem 1677 | Cultural Heritage Series,Various Artists,,342,music,durga-pujo-special,72.0,https://www.youtube.com/watch?v=sj_1677song,
Durga Pujo Special Gem 1678 | Cultural Heritage Series,Various Artists,,351,music,durga-pujo-special,73.0,https://www.youtube.com/watch?v=sj_1678song,
Durga Pujo Special Gem 1679 | Cultural Heritage Series,Various Artists,,180,music,durga-pujo-special,74.0,https://www.youtube.com/watch?v=sj_1679song,
Durga Pujo Special Gem 1680 | Cultural Heritage Series,Various Artists,,189,music,durga-pujo-special,75.0,https://www.youtube.com/watch?v=sj_1680song,
Durga Pujo Special Gem 1681 | Cultural Heritage Series,Various Artists,,198,music,durga-pujo-special,76.0,https://www.youtube.com/watch?v=sj_1681song,
Durga Pujo Special Gem 1682 | Cultural Heritage Series,Various Artists,,207,music,durga-pujo-special,77.0,https://www.youtube.com/watch?v=sj_1682song,
Durga Pujo Special Gem 1683 | Cultural Heritage Series,Various Artists,,216,music,durga-pujo-special,78.0,https://www.youtube.com/watch?v=sj_1683song,
Durga Pujo Special Gem 1684 | Cultural Heritage Series,Various Artists,,225,music,durga-pujo-special,79.0,https://www.youtube.com/watch?v=sj_1684song,
Durga Pujo Special Gem 1685 | Cultural Heritage Series,Various Artists,,234,music,durga-pujo-special,80.0,https://www.youtube.com/watch?v=sj_1685song,
Durga Pujo Special Gem 1686 | Cultural Heritage Series,Various Artists,,243,music,durga-pujo-special,81.0,https://www.youtube.com/watch?v=sj_1686song,
Durga Pujo Special Gem 1687 | Cultural Heritage Series,Various Artists,,252,music,durga-pujo-special,82.0,https://www.youtube.com/watch?v=sj_1687song,
Durga Pujo Special Gem 1688 | Cultural Heritage Series,Various Artists,,261,music,durga-pujo-special,83.0,https://www.youtube.com/watch?v=sj_1688song,
Durga Pujo Special Gem 1689 | Cultural Heritage Series,Various Artists,,270,music,durga-pujo-special,84.0,https://www.youtube.com/watch?v=sj_1689song,
Durga Pujo Special Gem 1690 | Cultural Heritage Series,Various Artists,,279,music,durga-pujo-special,85.0,https://www.youtube.com/watch?v=sj_1690song,
Durga Pujo Special Gem 1691 | Cultural Heritage Series,Various Artists,,288,music,durga-pujo-special,86.0,https://www.youtube.com/watch?v=sj_1691song,
Durga Pujo Special Gem 1692 | Cultural Heritage Series,Various Artists,,297,music,durga-pujo-special,87.0,https://www.youtube.com/watch?v=sj_1692song,
Rabindra Sangeet Gem 1693 | Cultural Heritage Series,Various Artists,,180,music,rabindra-sangeet,70.0,https://www.youtube.com/watch?v=sj_1693song,
Rabindra Sangeet Gem 1694 | Cultural Heritage Series,Various Artists,,189,music,rabindra-sangeet,71.0,https://www.youtube.com/watch?v=sj_1694song,
Rabindra Sangeet Gem 1695 | Cultural Heritage Series,Various Artists,,198,music,rabindra-sangeet,72.0,https://www.youtube.com/watch?v=sj_1695song,
Rabindra Sangeet Gem 1696 | Cultural Heritage Series,Various Artists,,207,music,rabindra-sangeet,73.0,https://www.youtube.com/watch?v=sj_1696song,
Rabindra Sangeet Gem 1697 | Cultural Heritage Series,Various Artists,,216,music,rabindra-sangeet,74.0,https://www.youtube.com/watch?v=sj_1697song,
Rabindra Sangeet Gem 1698 | Cultural Heritage Series,Various Artists,,225,music,rabindra-sangeet,75.0,https://www.youtube.com/watch?v=sj_1698song,
Rabindra Sangeet Gem 1699 | Cultural Heritage Series,Various Artists,,234,music,rabindra-sangeet,76.0,https://www.youtube.com/watch?v=sj_1699song,
Rabindra Sangeet Gem 1700 | Cultural Heritage Series,Various Artists,,243,music,rabindra-sangeet,77.0,https://www.youtube.com/watch?v=sj_1700song,
Rabindra Sangeet Gem 1701 | Cultural Heritage Series,Various Artists,,252,music,rabindra-sangeet,78.0,https://www.youtube.com/watch?v=sj_1701song,
Rabindra Sangeet Gem 1702 | Cultural Heritage Series,Various Artists,,261,music,rabindra-sangeet,79.0,https://www.youtube.com/watch?v=sj_1702song,
Rabindra Sangeet Gem 1703 | Cultural Heritage Series,Various Artists,,270,music,rabindra-sangeet,80.0,https://www.youtube.com/watch?v=sj_1703song,
Rabindra Sangeet Gem 1704 | Cultural Heritage Series,Various Artists,,279,music,rabindra-sangeet,81.0,https://www.youtube.com/watch?v=sj_1704song,
Rabindra Sangeet Gem 1705 | Cultural Heritage Series,Various Artists,,288,music,rabindra-sangeet,82.0,https://www.youtube.com/watch?v=sj_1705song,
Rabindra Sangeet Gem 1706 | Cultural Heritage Series,Various Artists,,297,music,rabindra-sangeet,83.0,https://www.youtube.com/watch?v=sj_1706song,
Rabindra Sangeet Gem 1707 | Cultural Heritage Series,Various Artists,,306,music,rabindra-sangeet,84.0,https://www.youtube.com/watch?v=sj_1707song,
Rabindra Sangeet Gem 1708 | Cultural Heritage Series,Various Artists,,315,music,rabindra-sangeet,85.0,https://www.youtube.com/watch?v=sj_1708song,
Rabindra Sangeet Gem 1709 | Cultural Heritage Series,Various Artists,,324,music,rabindra-sangeet,86.0,https://www.youtube.com/watch?v=sj_1709song,
Rabindra Sangeet Gem 1710 | Cultural Heritage Series,Various Artists,,333,music,rabindra-sangeet,87.0,https://www.youtube.com/watch?v=sj_1710song,
Rabindra Sangeet Gem 1711 | Cultural Heritage Series,Various Artists,,342,music,rabindra-sangeet,88.0,https://www.youtube.com/watch?v=sj_1711song,
Rabindra Sangeet Gem 1712 | Cultural Heritage Series,Various Artists,,351,music,rabindra-sangeet,89.0,https://www.youtube.com/watch?v=sj_1712song,
Rabindra Sangeet Gem 1713 | Cultural Heritage Series,Various Artists,,180,music,rabindra-sangeet,90.0,https://www.youtube.com/watch?v=sj_1713song,
Rabindra Sangeet Gem 1714 | Cultural Heritage Series,Various Artists,,189,music,rabindra-sangeet,91.0,https://www.youtube.com/watch?v=sj_1714song,
Rabindra Sangeet Gem 1715 | Cultural Heritage Series,Various Artists,,198,music,rabindra-sangeet,92.0,https://www.youtube.com/watch?v=sj_1715song,
Rabindra Sangeet Gem 1716 | Cultural Heritage Series,Various Artists,,207,music,rabindra-sangeet,93.0,https://www.youtube.com/watch?v=sj_1716song,
Rabindra Sangeet Gem 1717 | Cultural Heritage Series,Various Artists,,216,music,rabindra-sangeet,94.0,https://www.youtube.com/watch?v=sj_1717song,
Rabindra Sangeet Gem 1718 | Cultural Heritage Series,Various Artists,,225,music,rabindra-sangeet,95.0,https://www.youtube.com/watch?v=sj_1718song,
Rabindra Sangeet Gem 1719 | Cultural Heritage Series,Various Artists,,234,music,rabindra-sangeet,96.0,https://www.youtube.com/watch?v=sj_1719song,
Rabindra Sangeet Gem 1720 | Cultural Heritage Series,Various Artists,,243,music,rabindra-sangeet,97.0,https://www.youtube.com/watch?v=sj_1720song,
Rabindra Sangeet Gem 1721 | Cultural Heritage Series,Various Artists,,252,music,rabindra-sangeet,70.0,https://www.youtube.com/watch?v=sj_1721song,
Rabindra Sangeet Gem 1722 | Cultural Heritage Series,Various Artists,,261,music,rabindra-sangeet,71.0,https://www.youtube.com/watch?v=sj_1722song,
Rabindra Sangeet Gem 1723 | Cultural Heritage Series,Various Artists,,270,music,rabindra-sangeet,72.0,https://www.youtube.com/watch?v=sj_1723song,
Rabindra Sangeet Gem 1724 | Cultural Heritage Series,Various Artists,,279,music,rabindra-sangeet,73.0,https://www.youtube.com/watch?v=sj_1724song,
Rabindra Sangeet Gem 1725 | Cultural Heritage Series,Various Artists,,288,music,rabindra-sangeet,74.0,https://www.youtube.com/watch?v=sj_1725song,
Rabindra Sangeet Gem 1726 | Cultural Heritage Series,Various Artists,,297,music,rabindra-sangeet,75.0,https://www.youtube.com/watch?v=sj_1726song,
Rabindra Sangeet Gem 1727 | Cultural Heritage Series,Various Artists,,306,music,rabindra-sangeet,76.0,https://www.youtube.com/watch?v=sj_1727song,
Rabindra Sangeet Gem 1728 | Cultural Heritage Series,Various Artists,,315,music,rabindra-sangeet,77.0,https://www.youtube.com/watch?v=sj_1728song,
Rabindra Sangeet Gem 1729 | Cultural Heritage Series,Various Artists,,324,music,rabindra-sangeet,78.0,https://www.youtube.com/watch?v=sj_1729song,
Rabindra Sangeet Gem 1730 | Cultural Heritage Series,Various Artists,,333,music,rabindra-sangeet,79.0,https://www.youtube.com/watch?v=sj_1730song,
Rabindra Sangeet Gem 1731 | Cultural Heritage Series,Various Artists,,342,music,rabindra-sangeet,80.0,https://www.youtube.com/watch?v=sj_1731song,
Rabindra Sangeet Gem 1732 | Cultural Heritage Series,Various Artists,,351,music,rabindra-sangeet,81.0,https://www.youtube.com/watch?v=sj_1732song,
Rabindra Sangeet Gem 1733 | Cultural Heritage Series,Various Artists,,180,music,rabindra-sangeet,82.0,https://www.youtube.com/watch?v=sj_1733song,
Rabindra Sangeet Gem 1734 | Cultural Heritage Series,Various Artists,,189,music,rabindra-sangeet,83.0,https://www.youtube.com/watch?v=sj_1734song,
Rabindra Sangeet Gem 1735 | Cultural Heritage Series,Various Artists,,198,music,rabindra-sangeet,84.0,https://www.youtube.com/watch?v=sj_1735song,
Rabindra Sangeet Gem 1736 | Cultural Heritage Series,Various Artists,,207,music,rabindra-sangeet,85.0,https://www.youtube.com/watch?v=sj_1736song,
Rabindra Sangeet Gem 1737 | Cultural Heritage Series,Various Artists,,216,music,rabindra-sangeet,86.0,https://www.youtube.com/watch?v=sj_1737song,
Rabindra Sangeet Gem 1738 | Cultural Heritage Series,Various Artists,,225,music,rabindra-sangeet,87.0,https://www.youtube.com/watch?v=sj_1738song,
Rabindra Sangeet Gem 1739 | Cultural Heritage Series,Various Artists,,234,music,rabindra-sangeet,88.0,https://www.youtube.com/watch?v=sj_1739song,
Rabindra Sangeet Gem 1740 | Cultural Heritage Series,Various Artists,,243,music,rabindra-sangeet,89.0,https://www.youtube.com/watch?v=sj_1740song,
Rabindra Sangeet Gem 1741 | Cultural Heritage Series,Various Artists,,252,music,rabindra-sangeet,90.0,https://www.youtube.com/watch?v=sj_1741song,
Rabindra Sangeet Gem 1742 | Cultural Heritage Series,Various Artists,,261,music,rabindra-sangeet,91.0,https://www.youtube.com/watch?v=sj_1742song,
Rabindra Sangeet Gem 1743 | Cultural Heritage Series,Various Artists,,270,music,rabindra-sangeet,92.0,https://www.youtube.com/watch?v=sj_1743song,
Rabindra Sangeet Gem 1744 | Cultural Heritage Series,Various Artists,,279,music,rabindra-sangeet,93.0,https://www.youtube.com/watch?v=sj_1744song,
Rabindra Sangeet Gem 1745 | Cultural Heritage Series,Various Artists,,288,music,rabindra-sangeet,94.0,https://www.youtube.com/watch?v=sj_1745song,
Rabindra Sangeet Gem 1746 | Cultural Heritage Series,Various Artists,,297,music,rabindra-sangeet,95.0,https://www.youtube.com/watch?v=sj_1746song,
Rabindra Sangeet Gem 1747 | Cultural Heritage Series,Various Artists,,306,music,rabindra-sangeet,96.0,https://www.youtube.com/watch?v=sj_1747song,
Rabindra Sangeet Gem 1748 | Cultural Heritage Series,Various Artists,,315,music,rabindra-sangeet,97.0,https://www.youtube.com/watch?v=sj_1748song,
Rabindra Sangeet Gem 1749 | Cultural Heritage Series,Various Artists,,324,music,rabindra-sangeet,70.0,https://www.youtube.com/watch?v=sj_1749song,
Rabindra Sangeet Gem 1750 | Cultural Heritage Series,Various Artists,,333,music,rabindra-sangeet,71.0,https://www.youtube.com/watch?v=sj_1750song,
Rabindra Sangeet Gem 1751 | Cultural Heritage Series,Various Artists,,342,music,rabindra-sangeet,72.0,https://www.youtube.com/watch?v=sj_1751song,
Rabindra Sangeet Gem 1752 | Cultural Heritage Series,Various Artists,,351,music,rabindra-sangeet,73.0,https://www.youtube.com/watch?v=sj_1752song,
Rabindra Sangeet Gem 1753 | Cultural Heritage Series,Various Artists,,180,music,rabindra-sangeet,74.0,https://www.youtube.com/watch?v=sj_1753song,
Rabindra Sangeet Gem 1754 | Cultural Heritage Series,Various Artists,,189,music,rabindra-sangeet,75.0,https://www.youtube.com/watch?v=sj_1754song,
Rabindra Sangeet Gem 1755 | Cultural Heritage Series,Various Artists,,198,music,rabindra-sangeet,76.0,https://www.youtube.com/watch?v=sj_1755song,
Rabindra Sangeet Gem 1756 | Cultural Heritage Series,Various Artists,,207,music,rabindra-sangeet,77.0,https://www.youtube.com/watch?v=sj_1756song,
Rabindra Sangeet Gem 1757 | Cultural Heritage Series,Various Artists,,216,music,rabindra-sangeet,78.0,https://www.youtube.com/watch?v=sj_1757song,
Rabindra Sangeet Gem 1758 | Cultural Heritage Series,Various Artists,,225,music,rabindra-sangeet,79.0,https://www.youtube.com/watch?v=sj_1758song,
Rabindra Sangeet Gem 1759 | Cultural Heritage Series,Various Artists,,234,music,rabindra-sangeet,80.0,https://www.youtube.com/watch?v=sj_1759song,
Rabindra Sangeet Gem 1760 | Cultural Heritage Series,Various Artists,,243,music,rabindra-sangeet,81.0,https://www.youtube.com/watch?v=sj_1760song,
Rabindra Sangeet Gem 1761 | Cultural Heritage Series,Various Artists,,252,music,rabindra-sangeet,82.0,https://www.youtube.com/watch?v=sj_1761song,
Rabindra Sangeet Gem 1762 | Cultural Heritage Series,Various Artists,,261,music,rabindra-sangeet,83.0,https://www.youtube.com/watch?v=sj_1762song,
Rabindra Sangeet Gem 1763 | Cultural Heritage Series,Various Artists,,270,music,rabindra-sangeet,84.0,https://www.youtube.com/watch?v=sj_1763song,
Rabindra Sangeet Gem 1764 | Cultural Heritage Series,Various Artists,,279,music,rabindra-sangeet,85.0,https://www.youtube.com/watch?v=sj_1764song,
Rabindra Sangeet Gem 1765 | Cultural Heritage Series,Various Artists,,288,music,rabindra-sangeet,86.0,https://www.youtube.com/watch?v=sj_1765song,
Rabindra Sangeet Gem 1766 | Cultural Heritage Series,Various Artists,,297,music,rabindra-sangeet,87.0,https://www.youtube.com/watch?v=sj_1766song,
Rabindra Sangeet Gem 1767 | Cultural Heritage Series,Various Artists,,306,music,rabindra-sangeet,88.0,https://www.youtube.com/watch?v=sj_1767song,
Rabindra Sangeet Gem 1768 | Cultural Heritage Series,Various Artists,,315,music,rabindra-sangeet,89.0,https://www.youtube.com/watch?v=sj_1768song,
Rabindra Sangeet Gem 1769 | Cultural Heritage Series,Various Artists,,324,music,rabindra-sangeet,90.0,https://www.youtube.com/watch?v=sj_1769song,
Rabindra Sangeet Gem 1770 | Cultural Heritage Series,Various Artists,,333,music,rabindra-sangeet,91.0,https://www.youtube.com/watch?v=sj_1770song,
Rabindra Sangeet Gem 1771 | Cultural Heritage Series,Various Artists,,342,music,rabindra-sangeet,92.0,https://www.youtube.com/watch?v=sj_1771song,
Rabindra Sangeet Gem 1772 | Cultural Heritage Series,Various Artists,,351,music,rabindra-sangeet,93.0,https://www.youtube.com/watch?v=sj_1772song,
Rabindra Sangeet Gem 1773 | Cultural Heritage Series,Various Artists,,180,music,rabindra-sangeet,94.0,https://www.youtube.com/watch?v=sj_1773song,
Rabindra Sangeet Gem 1774 | Cultural Heritage Series,Various Artists,,189,music,rabindra-sangeet,95.0,https://www.youtube.com/watch?v=sj_1774song,
Rabindra Sangeet Gem 1775 | Cultural Heritage Series,Various Artists,,198,music,rabindra-sangeet,96.0,https://www.youtube.com/watch?v=sj_1775song,
Roadside Nostalgia Gem 1776 | Cultural Heritage Series,Various Artists,,180,music,roadside-nostalgia,70.0,https://www.youtube.com/watch?v=sj_1776song,
Roadside Nostalgia Gem 1777 | Cultural Heritage Series,Various Artists,,189,music,roadside-nostalgia,71.0,https://www.youtube.com/watch?v=sj_1777song,
Roadside Nostalgia Gem 1778 | Cultural Heritage Series,Various Artists,,198,music,roadside-nostalgia,72.0,https://www.youtube.com/watch?v=sj_1778song,
Roadside Nostalgia Gem 1779 | Cultural Heritage Series,Various Artists,,207,music,roadside-nostalgia,73.0,https://www.youtube.com/watch?v=sj_1779song,
Roadside Nostalgia Gem 1780 | Cultural Heritage Series,Various Artists,,216,music,roadside-nostalgia,74.0,https://www.youtube.com/watch?v=sj_1780song,
Roadside Nostalgia Gem 1781 | Cultural Heritage Series,Various Artists,,225,music,roadside-nostalgia,75.0,https://www.youtube.com/watch?v=sj_1781song,
Roadside Nostalgia Gem 1782 | Cultural Heritage Series,Various Artists,,234,music,roadside-nostalgia,76.0,https://www.youtube.com/watch?v=sj_1782song,
Roadside Nostalgia Gem 1783 | Cultural Heritage Series,Various Artists,,243,music,roadside-nostalgia,77.0,https://www.youtube.com/watch?v=sj_1783song,
Roadside Nostalgia Gem 1784 | Cultural Heritage Series,Various Artists,,252,music,roadside-nostalgia,78.0,https://www.youtube.com/watch?v=sj_1784song,
Roadside Nostalgia Gem 1785 | Cultural Heritage Series,Various Artists,,261,music,roadside-nostalgia,79.0,https://www.youtube.com/watch?v=sj_1785song,
Roadside Nostalgia Gem 1786 | Cultural Heritage Series,Various Artists,,270,music,roadside-nostalgia,80.0,https://www.youtube.com/watch?v=sj_1786song,
Roadside Nostalgia Gem 1787 | Cultural Heritage Series,Various Artists,,279,music,roadside-nostalgia,81.0,https://www.youtube.com/watch?v=sj_1787song,
Roadside Nostalgia Gem 1788 | Cultural Heritage Series,Various Artists,,288,music,roadside-nostalgia,82.0,https://www.youtube.com/watch?v=sj_1788song,
Roadside Nostalgia Gem 1789 | Cultural Heritage Series,Various Artists,,297,music,roadside-nostalgia,83.0,https://www.youtube.com/watch?v=sj_1789song,
Roadside Nostalgia Gem 1790 | Cultural Heritage Series,Various Artists,,306,music,roadside-nostalgia,84.0,https://www.youtube.com/watch?v=sj_1790song,
Roadside Nostalgia Gem 1791 | Cultural Heritage Series,Various Artists,,315,music,roadside-nostalgia,85.0,https://www.youtube.com/watch?v=sj_1791song,
Roadside Nostalgia Gem 1792 | Cultural Heritage Series,Various Artists,,324,music,roadside-nostalgia,86.0,https://www.youtube.com/watch?v=sj_1792song,
Roadside Nostalgia Gem 1793 | Cultural Heritage Series,Various Artists,,333,music,roadside-nostalgia,87.0,https://www.youtube.com/watch?v=sj_1793song,
Roadside Nostalgia Gem 1794 | Cultural Heritage Series,Various Artists,,342,music,roadside-nostalgia,88.0,https://www.youtube.com/watch?v=sj_1794song,
Roadside Nostalgia Gem 1795 | Cultural Heritage Series,Various Artists,,351,music,roadside-nostalgia,89.0,https://www.youtube.com/watch?v=sj_1795song,
Roadside Nostalgia Gem 1796 | Cultural Heritage Series,Various Artists,,180,music,roadside-nostalgia,90.0,https://www.youtube.com/watch?v=sj_1796song,
Roadside Nostalgia Gem 1797 | Cultural Heritage Series,Various Artists,,189,music,roadside-nostalgia,91.0,https://www.youtube.com/watch?v=sj_1797song,
Roadside Nostalgia Gem 1798 | Cultural Heritage Series,Various Artists,,198,music,roadside-nostalgia,92.0,https://www.youtube.com/watch?v=sj_1798song,
Roadside Nostalgia Gem 1799 | Cultural Heritage Series,Various Artists,,207,music,roadside-nostalgia,93.0,https://www.youtube.com/watch?v=sj_1799song,
Roadside Nostalgia Gem 1800 | Cultural Heritage Series,Various Artists,,216,music,roadside-nostalgia,94.0,https://www.youtube.com/watch?v=sj_1800song,
Roadside Nostalgia Gem 1801 | Cultural Heritage Series,Various Artists,,225,music,roadside-nostalgia,95.0,https://www.youtube.com/watch?v=sj_1801song,
Roadside Nostalgia Gem 1802 | Cultural Heritage Series,Various Artists,,234,music,roadside-nostalgia,96.0,https://www.youtube.com/watch?v=sj_1802song,
Roadside Nostalgia Gem 1803 | Cultural Heritage Series,Various Artists,,243,music,roadside-nostalgia,97.0,https://www.youtube.com/watch?v=sj_1803song,
Roadside Nostalgia Gem 1804 | Cultural Heritage Series,Various Artists,,252,music,roadside-nostalgia,70.0,https://www.youtube.com/watch?v=sj_1804song,
Roadside Nostalgia Gem 1805 | Cultural Heritage Series,Various Artists,,261,music,roadside-nostalgia,71.0,https://www.youtube.com/watch?v=sj_1805song,
Roadside Nostalgia Gem 1806 | Cultural Heritage Series,Various Artists,,270,music,roadside-nostalgia,72.0,https://www.youtube.com/watch?v=sj_1806song,
Roadside Nostalgia Gem 1807 | Cultural Heritage Series,Various Artists,,279,music,roadside-nostalgia,73.0,https://www.youtube.com/watch?v=sj_1807song,
Roadside Nostalgia Gem 1808 | Cultural Heritage Series,Various Artists,,288,music,roadside-nostalgia,74.0,https://www.youtube.com/watch?v=sj_1808song,
Roadside Nostalgia Gem 1809 | Cultural Heritage Series,Various Artists,,297,music,roadside-nostalgia,75.0,https://www.youtube.com/watch?v=sj_1809song,
Roadside Nostalgia Gem 1810 | Cultural Heritage Series,Various Artists,,306,music,roadside-nostalgia,76.0,https://www.youtube.com/watch?v=sj_1810song,
Roadside Nostalgia Gem 1811 | Cultural Heritage Series,Various Artists,,315,music,roadside-nostalgia,77.0,https://www.youtube.com/watch?v=sj_1811song,
Roadside Nostalgia Gem 1812 | Cultural Heritage Series,Various Artists,,324,music,roadside-nostalgia,78.0,https://www.youtube.com/watch?v=sj_1812song,
Roadside Nostalgia Gem 1813 | Cultural Heritage Series,Various Artists,,333,music,roadside-nostalgia,79.0,https://www.youtube.com/watch?v=sj_1813song,
Roadside Nostalgia Gem 1814 | Cultural Heritage Series,Various Artists,,342,music,roadside-nostalgia,80.0,https://www.youtube.com/watch?v=sj_1814song,
Roadside Nostalgia Gem 1815 | Cultural Heritage Series,Various Artists,,351,music,roadside-nostalgia,81.0,https://www.youtube.com/watch?v=sj_1815song,
Roadside Nostalgia Gem 1816 | Cultural Heritage Series,Various Artists,,180,music,roadside-nostalgia,82.0,https://www.youtube.com/watch?v=sj_1816song,
Roadside Nostalgia Gem 1817 | Cultural Heritage Series,Various Artists,,189,music,roadside-nostalgia,83.0,https://www.youtube.com/watch?v=sj_1817song,
Roadside Nostalgia Gem 1818 | Cultural Heritage Series,Various Artists,,198,music,roadside-nostalgia,84.0,https://www.youtube.com/watch?v=sj_1818song,
Roadside Nostalgia Gem 1819 | Cultural Heritage Series,Various Artists,,207,music,roadside-nostalgia,85.0,https://www.youtube.com/watch?v=sj_1819song,
Roadside Nostalgia Gem 1820 | Cultural Heritage Series,Various Artists,,216,music,roadside-nostalgia,86.0,https://www.youtube.com/watch?v=sj_1820song,
Roadside Nostalgia Gem 1821 | Cultural Heritage Series,Various Artists,,225,music,roadside-nostalgia,87.0,https://www.youtube.com/watch?v=sj_1821song,
Roadside Nostalgia Gem 1822 | Cultural Heritage Series,Various Artists,,234,music,roadside-nostalgia,88.0,https://www.youtube.com/watch?v=sj_1822song,
Roadside Nostalgia Gem 1823 | Cultural Heritage Series,Various Artists,,243,music,roadside-nostalgia,89.0,https://www.youtube.com/watch?v=sj_1823song,
Roadside Nostalgia Gem 1824 | Cultural Heritage Series,Various Artists,,252,music,roadside-nostalgia,90.0,https://www.youtube.com/watch?v=sj_1824song,
Roadside Nostalgia Gem 1825 | Cultural Heritage Series,Various Artists,,261,music,roadside-nostalgia,91.0,https://www.youtube.com/watch?v=sj_1825song,
Roadside Nostalgia Gem 1826 | Cultural Heritage Series,Various Artists,,270,music,roadside-nostalgia,92.0,https://www.youtube.com/watch?v=sj_1826song,
Roadside Nostalgia Gem 1827 | Cultural Heritage Series,Various Artists,,279,music,roadside-nostalgia,93.0,https://www.youtube.com/watch?v=sj_1827song,
Roadside Nostalgia Gem 1828 | Cultural Heritage Series,Various Artists,,288,music,roadside-nostalgia,94.0,https://www.youtube.com/watch?v=sj_1828song,
Roadside Nostalgia Gem 1829 | Cultural Heritage Series,Various Artists,,297,music,roadside-nostalgia,95.0,https://www.youtube.com/watch?v=sj_1829song,
Roadside Nostalgia Gem 1830 | Cultural Heritage Series,Various Artists,,306,music,roadside-nostalgia,96.0,https://www.youtube.com/watch?v=sj_1830song,
Roadside Nostalgia Gem 1831 | Cultural Heritage Series,Various Artists,,315,music,roadside-nostalgia,97.0,https://www.youtube.com/watch?v=sj_1831song,
Roadside Nostalgia Gem 1832 | Cultural Heritage Series,Various Artists,,324,music,roadside-nostalgia,70.0,https://www.youtube.com/watch?v=sj_1832song,
Roadside Nostalgia Gem 1833 | Cultural Heritage Series,Various Artists,,333,music,roadside-nostalgia,71.0,https://www.youtube.com/watch?v=sj_1833song,
Roadside Nostalgia Gem 1834 | Cultural Heritage Series,Various Artists,,342,music,roadside-nostalgia,72.0,https://www.youtube.com/watch?v=sj_1834song,
Roadside Nostalgia Gem 1835 | Cultural Heritage Series,Various Artists,,351,music,roadside-nostalgia,73.0,https://www.youtube.com/watch?v=sj_1835song,
Roadside Nostalgia Gem 1836 | Cultural Heritage Series,Various Artists,,180,music,roadside-nostalgia,74.0,https://www.youtube.com/watch?v=sj_1836song,
Roadside Nostalgia Gem 1837 | Cultural Heritage Series,Various Artists,,189,music,roadside-nostalgia,75.0,https://www.youtube.com/watch?v=sj_1837song,
Shyama Sangeet Gem 1838 | Cultural Heritage Series,Various Artists,,180,music,shyama-sangeet,70.0,https://www.youtube.com/watch?v=sj_1838song,
Shyama Sangeet Gem 1839 | Cultural Heritage Series,Various Artists,,189,music,shyama-sangeet,71.0,https://www.youtube.com/watch?v=sj_1839song,
Shyama Sangeet Gem 1840 | Cultural Heritage Series,Various Artists,,198,music,shyama-sangeet,72.0,https://www.youtube.com/watch?v=sj_1840song,
Shyama Sangeet Gem 1841 | Cultural Heritage Series,Various Artists,,207,music,shyama-sangeet,73.0,https://www.youtube.com/watch?v=sj_1841song,
Shyama Sangeet Gem 1842 | Cultural Heritage Series,Various Artists,,216,music,shyama-sangeet,74.0,https://www.youtube.com/watch?v=sj_1842song,
Shyama Sangeet Gem 1843 | Cultural Heritage Series,Various Artists,,225,music,shyama-sangeet,75.0,https://www.youtube.com/watch?v=sj_1843song,
Shyama Sangeet Gem 1844 | Cultural Heritage Series,Various Artists,,234,music,shyama-sangeet,76.0,https://www.youtube.com/watch?v=sj_1844song,
Shyama Sangeet Gem 1845 | Cultural Heritage Series,Various Artists,,243,music,shyama-sangeet,77.0,https://www.youtube.com/watch?v=sj_1845song,
Shyama Sangeet Gem 1846 | Cultural Heritage Series,Various Artists,,252,music,shyama-sangeet,78.0,https://www.youtube.com/watch?v=sj_1846song,
Shyama Sangeet Gem 1847 | Cultural Heritage Series,Various Artists,,261,music,shyama-sangeet,79.0,https://www.youtube.com/watch?v=sj_1847song,
Shyama Sangeet Gem 1848 | Cultural Heritage Series,Various Artists,,270,music,shyama-sangeet,80.0,https://www.youtube.com/watch?v=sj_1848song,
Shyama Sangeet Gem 1849 | Cultural Heritage Series,Various Artists,,279,music,shyama-sangeet,81.0,https://www.youtube.com/watch?v=sj_1849song,
Shyama Sangeet Gem 1850 | Cultural Heritage Series,Various Artists,,288,music,shyama-sangeet,82.0,https://www.youtube.com/watch?v=sj_1850song,
Shyama Sangeet Gem 1851 | Cultural Heritage Series,Various Artists,,297,music,shyama-sangeet,83.0,https://www.youtube.com/watch?v=sj_1851song,
Shyama Sangeet Gem 1852 | Cultural Heritage Series,Various Artists,,306,music,shyama-sangeet,84.0,https://www.youtube.com/watch?v=sj_1852song,
Shyama Sangeet Gem 1853 | Cultural Heritage Series,Various Artists,,315,music,shyama-sangeet,85.0,https://www.youtube.com/watch?v=sj_1853song,
Shyama Sangeet Gem 1854 | Cultural Heritage Series,Various Artists,,324,music,shyama-sangeet,86.0,https://www.youtube.com/watch?v=sj_1854song,
Shyama Sangeet Gem 1855 | Cultural Heritage Series,Various Artists,,333,music,shyama-sangeet,87.0,https://www.youtube.com/watch?v=sj_1855song,
Shyama Sangeet Gem 1856 | Cultural Heritage Series,Various Artists,,342,music,shyama-sangeet,88.0,https://www.youtube.com/watch?v=sj_1856song,
Shyama Sangeet Gem 1857 | Cultural Heritage Series,Various Artists,,351,music,shyama-sangeet,89.0,https://www.youtube.com/watch?v=sj_1857song,
Shyama Sangeet Gem 1858 | Cultural Heritage Series,Various Artists,,180,music,shyama-sangeet,90.0,https://www.youtube.com/watch?v=sj_1858song,
Shyama Sangeet Gem 1859 | Cultural Heritage Series,Various Artists,,189,music,shyama-sangeet,91.0,https://www.youtube.com/watch?v=sj_1859song,
Shyama Sangeet Gem 1860 | Cultural Heritage Series,Various Artists,,198,music,shyama-sangeet,92.0,https://www.youtube.com/watch?v=sj_1860song,
Shyama Sangeet Gem 1861 | Cultural Heritage Series,Various Artists,,207,music,shyama-sangeet,93.0,https://www.youtube.com/watch?v=sj_1861song,
Shyama Sangeet Gem 1862 | Cultural Heritage Series,Various Artists,,216,music,shyama-sangeet,94.0,https://www.youtube.com/watch?v=sj_1862song,
Shyama Sangeet Gem 1863 | Cultural Heritage Series,Various Artists,,225,music,shyama-sangeet,95.0,https://www.youtube.com/watch?v=sj_1863song,
Shyama Sangeet Gem 1864 | Cultural Heritage Series,Various Artists,,234,music,shyama-sangeet,96.0,https://www.youtube.com/watch?v=sj_1864song,
Shyama Sangeet Gem 1865 | Cultural Heritage Series,Various Artists,,243,music,shyama-sangeet,97.0,https://www.youtube.com/watch?v=sj_1865song,
Shyama Sangeet Gem 1866 | Cultural Heritage Series,Various Artists,,252,music,shyama-sangeet,70.0,https://www.youtube.com/watch?v=sj_1866song,
Shyama Sangeet Gem 1867 | Cultural Heritage Series,Various Artists,,261,music,shyama-sangeet,71.0,https://www.youtube.com/watch?v=sj_1867song,
Shyama Sangeet Gem 1868 | Cultural Heritage Series,Various Artists,,270,music,shyama-sangeet,72.0,https://www.youtube.com/watch?v=sj_1868song,
Shyama Sangeet Gem 1869 | Cultural Heritage Series,Various Artists,,279,music,shyama-sangeet,73.0,https://www.youtube.com/watch?v=sj_1869song,
Shyama Sangeet Gem 1870 | Cultural Heritage Series,Various Artists,,288,music,shyama-sangeet,74.0,https://www.youtube.com/watch?v=sj_1870song,
Shyama Sangeet Gem 1871 | Cultural Heritage Series,Various Artists,,297,music,shyama-sangeet,75.0,https://www.youtube.com/watch?v=sj_1871song,
Shyama Sangeet Gem 1872 | Cultural Heritage Series,Various Artists,,306,music,shyama-sangeet,76.0,https://www.youtube.com/watch?v=sj_1872song,
Shyama Sangeet Gem 1873 | Cultural Heritage Series,Various Artists,,315,music,shyama-sangeet,77.0,https://www.youtube.com/watch?v=sj_1873song,
Shyama Sangeet Gem 1874 | Cultural Heritage Series,Various Artists,,324,music,shyama-sangeet,78.0,https://www.youtube.com/watch?v=sj_1874song,
Shyama Sangeet Gem 1875 | Cultural Heritage Series,Various Artists,,333,music,shyama-sangeet,79.0,https://www.youtube.com/watch?v=sj_1875song,
Shyama Sangeet Gem 1876 | Cultural Heritage Series,Various Artists,,342,music,shyama-sangeet,80.0,https://www.youtube.com/watch?v=sj_1876song,
Shyama Sangeet Gem 1877 | Cultural Heritage Series,Various Artists,,351,music,shyama-sangeet,81.0,https://www.youtube.com/watch?v=sj_1877song,
Shyama Sangeet Gem 1878 | Cultural Heritage Series,Various Artists,,180,music,shyama-sangeet,82.0,https://www.youtube.com/watch?v=sj_1878song,
Shyama Sangeet Gem 1879 | Cultural Heritage Series,Various Artists,,189,music,shyama-sangeet,83.0,https://www.youtube.com/watch?v=sj_1879song,
Shyama Sangeet Gem 1880 | Cultural Heritage Series,Various Artists,,198,music,shyama-sangeet,84.0,https://www.youtube.com/watch?v=sj_1880song,
Shyama Sangeet Gem 1881 | Cultural Heritage Series,Various Artists,,207,music,shyama-sangeet,85.0,https://www.youtube.com/watch?v=sj_1881song,
Shyama Sangeet Gem 1882 | Cultural Heritage Series,Various Artists,,216,music,shyama-sangeet,86.0,https://www.youtube.com/watch?v=sj_1882song,
Shyama Sangeet Gem 1883 | Cultural Heritage Series,Various Artists,,225,music,shyama-sangeet,87.0,https://www.youtube.com/watch?v=sj_1883song,
Shyama Sangeet Gem 1884 | Cultural Heritage Series,Various Artists,,234,music,shyama-sangeet,88.0,https://www.youtube.com/watch?v=sj_1884song,
Shyama Sangeet Gem 1885 | Cultural Heritage Series,Various Artists,,243,music,shyama-sangeet,89.0,https://www.youtube.com/watch?v=sj_1885song,
Shyama Sangeet Gem 1886 | Cultural Heritage Series,Various Artists,,252,music,shyama-sangeet,90.0,https://www.youtube.com/watch?v=sj_1886song,
Shyama Sangeet Gem 1887 | Cultural Heritage Series,Various Artists,,261,music,shyama-sangeet,91.0,https://www.youtube.com/watch?v=sj_1887song,
Shyama Sangeet Gem 1888 | Cultural Heritage Series,Various Artists,,270,music,shyama-sangeet,92.0,https://www.youtube.com/watch?v=sj_1888song,
Shyama Sangeet Gem 1889 | Cultural Heritage Series,Various Artists,,279,music,shyama-sangeet,93.0,https://www.youtube.com/watch?v=sj_1889song,
Shyama Sangeet Gem 1890 | Cultural Heritage Series,Various Artists,,288,music,shyama-sangeet,94.0,https://www.youtube.com/watch?v=sj_1890song,
Shyama Sangeet Gem 1891 | Cultural Heritage Series,Various Artists,,297,music,shyama-sangeet,95.0,https://www.youtube.com/watch?v=sj_1891song,
Shyama Sangeet Gem 1892 | Cultural Heritage Series,Various Artists,,306,music,shyama-sangeet,96.0,https://www.youtube.com/watch?v=sj_1892song,
Shyama Sangeet Gem 1893 | Cultural Heritage Series,Various Artists,,315,music,shyama-sangeet,97.0,https://www.youtube.com/watch?v=sj_1893song,
Shyama Sangeet Gem 1894 | Cultural Heritage Series,Various Artists,,324,music,shyama-sangeet,70.0,https://www.youtube.com/watch?v=sj_1894song,
